{
  "implemented": true,
  "name": "bowser",
  "nationalPokedexNumber": 65041,
  "primaryType": "dragon",
  "secondaryType": "fire",
  "abilities": [
    "thickfat",
    "toughclaws",
    "h:darkaura"
  ],
  "baseStats": {
    "hp": 170,
    "attack": 70,
    "defence": 110,
    "special_attack": 70,
    "special_defence": 110,
    "speed": 70
  },
  "behaviour": {
    "combat":{
      "willDefendOwner":true,
      "willDefendSelf":true,
      "willFlee":false
    },
    "resting": {
      "canSleep": true,
      "times": "night",
      "light": "0-2",
      "depth": "comatose",
      "willSleepOnBed": false,
      "drowsyChance":0.0333,
      "rouseChance":0.0042
    },
    "moving": {
      "canLook": true,
      "looksAtEntities": true,
      "stepHeight": 1.1,
      "wanderChance": 120,
      "wanderSpeed": 0.75,
      "walk": {
        "canWalk": true,
        "walkSpeed": 0.5
      },
      "swim": {
        "swimSpeed": 0.15,
        "canSwimInWater": true,
        "canBreatheUnderwater": false,
        "canWalkOnWater": false
      },
      "fly": {
        "canFly": false,
        "flySpeedHorizontal": 0.6
      },
      "herd":{
        "maxSize":"2",
        "toleratedLeaders":[
          {
            "pokemon":"bowser",
            "tier":1
          }
        ]
      }
    },
    "fireImmune":true
  },
  "riding":{
    "behaviours":{
      "LAND":{
        "key":"cobblemon:land/horse",
        "rideSounds":[],
        "stats":{
          "ACCELERATION":"30-50",
          "JUMP":"15-30",
          "SKILL":"10-35",
          "SPEED":"30-65",
          "STAMINA":"15-35"
        }
      }
    },
    "seats":[
      {
        "offset":{
          "x":0.0,
          "y":0.0,
          "z":0.0
        },
        "poseOffsets":[
          {
            "offset":{
              "x":-0.000759989,
              "y":-2.7762213,
              "z":-0.08708589
            },
            "poseTypes":[
              "STAND"
            ]
          },
          {
            "offset":{
              "x":0.000713408,
              "y":-2.888495,
              "z":-0.031018771
            },
            "poseTypes":[
              "WALK"
            ]
          },
          {
            "offset":{
              "x":-0.031250015,
              "y":-2.8524113,
              "z":0.27662846
            },
            "poseTypes":[
              "HOVER"
            ]
          },
          {
            "offset":{
              "x":-0.031250015,
              "y":-2.8524113,
              "z":0.27662846
            },
            "poseTypes":[
              "FLY"
            ]
          },
          {
            "offset":{
              "x":0.021855652,
              "y":-1.4104469,
              "z":-0.49374536
            },
            "poseTypes":[
              "FLOAT"
            ]
          },
          {
            "offset":{
              "x":-0.030396074,
              "y":-1.1050735,
              "z":-0.6272919
            },
            "poseTypes":[
              "SWIM"
            ]
          },
          {
            "offset":{
              "x":-0.003324896,
              "y":-2.741436,
              "z":-0.37943092
            },
            "poseTypes":[
              "GLIDE"
            ]
          }
        ]
      }
    ]
  },

  "catchRate": 50,
  "maleRatio": 1.0,
  "shoulderMountable": false,
  "baseExperienceYield": 300,
  "experienceGroup": "medium_slow",
  "eggCycles": 20,
  "eggGroups": [
    "dragon",
    "monster"
  ],
  "drops": {
    "amount": 3,
    "entries": [
      {
        "item": "minecraft:iron_ingot",
        "quantityRange": "1-1",
        "percentage": 100
      },
      {
        "item": "minecraft:iron_boots",
        "quantityRange": "1-1",
        "percentage": 10
      },
      {
        "item": "minecraft:iron_ingot",
        "quantityRange": "1-1",
        "percentage": 25
      }
    ]
  },


  "moves": [
    "1:tackle",
    "1:tailwhip",
    "1:bite",
    "1:withdraw",
    "9:rapidspin",
    "12:endure",
    "15:headbutt",
    "20:protect",
    "25:raindance",
    "30:irondefense",
    "35:shellsmash",
    "40:dragonclaw",
    "45:dualchop",
    "50:bodyslam",
    "55:zenheadbutt",
    "60:focusenergy",
    "65:dragonpulse",
    "70:outrage",
    "75:doubleedge",
    "77:dragonrush",
    "tm:stomp",
    "tm:doublekick",
    "tm:megakick",
    "tm:jumpkick",
    "tm:rollingkick",
    "tm:sandattack",
    "tm:takedown",
    "tm:tailwhip",
    "tm:leer",
    "tm:lowkick",
    "tm:counter",
    "tm:growth",
    "tm:dragonrage",
    "tm:rockthrow",
    "tm:meditate",
    "tm:agility",
    "tm:quickattack",
    "tm:harden",
    "tm:defensecurl",
    "tm:barrier",
    "tm:lightscreen",
    "tm:reflect",
    "tm:bide",
    "tm:swift",
    "tm:skullbash",
    "tm:highjumpkick",
    "tm:dizzypunch",
    "tm:rest",
    "tm:substitute",
    "tm:snore",
    "tm:flail",
    "tm:spite",
    "tm:machpunch",
    "tm:feintattack",
    "tm:mudslap",
    "tm:detect",
    "tm:charm",
    "tm:rollout",
    "tm:falseswipe",
    "tm:return",
    "tm:frustration",
    "tm:dynamicpunch",
    "tm:encore",
    "tm:hiddenpower",
    "tm:crosschop",
    "tm:twister",
    "tm:sunnyday",
    "tm:crunch",
    "tm:mirrorcoat",
    "tm:ancientpower",
    "tm:rocksmash",
    "tm:whirlpool",
    "tm:stockpile",
    "tm:flatter",
    "tm:facade",
    "tm:focuspunch",
    "tm:followme",
    "tm:naturepower",
    "tm:assist",
    "tm:superpower",
    "tm:brickbreak",
    "tm:endeavor",
    "tm:secretpower",
    "tm:armthrust",
    "tm:blazekick",
    "tm:iceball",
    "tm:faketears",
    "tm:odorsleuth",
    "tm:bounce",
    "tm:mudshot",
    "tm:dragondance",
    "tm:gyroball",
    "tm:uturn",
    "tm:closecombat",
    "tm:fling",
    "tm:lastresort",
    "tm:suckerpunch",
    "tm:rockpolish",
    "tm:gigaimpact",
    "tm:rockclimb",
    "tm:captivate",
    "tm:headsmash",
    "tm:honeclaws",
    "tm:storedpower",
    "tm:acrobatics",
    "tm:voltswitch",
    "tm:wildcharge",
    "tm:flipturn",
    "tm:trailblaze"


  ],



  "labels": [
    "custom",
    "cobblemario",
    "koopa",
    "powerhouse"
  ],
  "pokedex": [
    "cobblemon.species.bowser.desc1",
    "cobblemon.species.bowser.desc2"
  ],
  "baseScale": 0.14,
  "hitbox": {
    "width": 2,
    "height": 3,
    "fixed": false
  },
  "baseFriendship": 50,
  "evYield": {
    "hp": 1,
    "attack": 0,
    "defence": 2,
    "special_attack": 0,
    "special_defence": 0,
    "speed": 0
  },
  "height": 1,
  "weight": 1,

  "preEvolution": "koopa"
}