{
  "implemented": true,
  "name": "parakoopa",
  "nationalPokedexNumber": 65011,
  "primaryType": "dragon",
  "secondaryType": "flying",
  "abilities": [
    "shellarmor",
    "pickup",
    "h:galewings"
  ],
  "baseStats": {
    "hp": 45,
    "attack": 45,
    "defence": 85,
    "special_attack": 45,
    "special_defence": 85,
    "speed": 100
  },
  "behaviour": {
    "combat":{
      "willDefendOwner":true,
      "willDefendSelf":true,
      "willFlee":false
    },
    "resting": {
      "canSleep": true,
      "times": "night",
      "light": "0-4",
      "depth": "normal",
      "willSleepOnBed": false,
      "drowsyChance":0.0333,
      "rouseChance":0.0042
    },
    "moving": {
      "canLook": true,
      "looksAtEntities": true,
      "stepHeight": 0.6,
      "wanderChance": 120,
      "wanderSpeed": 0.75,
      "walk": {
        "canWalk": true,
        "walkSpeed": 0.5
      },
      "swim": {
        "swimSpeed": 0.15,
        "canSwimInWater": true,
        "canBreatheUnderwater": false,
        "canWalkOnWater": false
      },
      "fly": {
        "canFly": false,
        "flySpeedHorizontal": 0.6
      },
      "herd":{
        "maxSize":"8",
        "toleratedLeaders":[
          {
            "pokemon":"koopa",
            "tier":1
          },
          {
            "pokemon":"parakoopa",
            "tier":2
          },
          {
            "pokemon":"hammerbro",
            "tier":3
          },
          {
            "pokemon":"firebro",
            "tier":3
          },
          {
            "pokemon":"boomerangbro",
            "tier":3
          },
          {
            "pokemon":"icebro",
            "tier":3
          },
          {
            "pokemon":"magikoopa",
            "tier":4
          },
          {
            "pokemon":"kentckoopa",
            "tier":4
          },
          {
            "pokemon":"koopatrol",
            "tier":5
          },
          {
            "pokemon":"kamek",
            "tier":6
          },
          {
            "pokemon":"kammykoopa",
            "tier":6
          },
          {
            "pokemon":"partnerkoopa",
            "tier":6
          },
          {
            "pokemon":"bowser",
            "tier":7
          }
        ]
      }
    },
    "fireImmune":false
  },
  "catchRate": 180,
  "maleRatio": 0.67,
  "shoulderMountable": false,
  "baseExperienceYield": 100,
  "experienceGroup": "medium_slow",
  "eggCycles": 15,
  "eggGroups": [
    "dragon",
    "human_like",
    "monster"
  ],
  "drops": {
    "amount": 1,
    "entries": [
      {
        "item": "minecraft:leather_boots",
        "quantityRange": "1-1",
        "percentage": 10
      }
    ]
  },

  "forms": [
    {
      "name": "KP",
      "primaryType": "dragon",
      "secondaryType": "flying",
      "abilities": [
          "shellarmor",
          "innerfocus",
          "h:purepower"
        ],
      "baseStats": {
        "hp": 45,
        "attack": 45,
        "defence": 65,
        "special_attack": 45,
        "special_defence": 65,
        "speed": 110
      },
      "catchRate": 180,
      "maleRatio": 0.86,
      "baseExperienceYield": 100,
      "baseFriendship": 50,
      "evYield": {
        "hp": 0,
        "attack": 0,
        "defence": 1,
        "special_attack": 0,
        "special_defence": 0,
        "speed": 0
      },
      "experienceGroup": "medium_slow",
      "eggCycles": 5,
      "eggGroups": [
        "dragon",
        "human_like",
        "monster"
      ],
      "moves": [
        "1:tackle",
        "1:tailwhip",
        "1:bite",
        "1:withdraw",
        "9:rapidspin",
        "12:endure",
        "15:headbutt",
        "20:protect",
        "25:raindance",
        "30:irondefense",
        "35:shellsmash",
        "40:dragonclaw",
        "45:dualchop",
        "50:bodyslam",
        "55:zenheadbutt",
        "60:focusenergy",
        "65:dragonpulse",
        "70:outrage",
        "75:doubleedge",
        "77:dragonrush",
        "tm:stomp",
        "tm:doublekick",
        "tm:megakick",
        "tm:jumpkick",
        "tm:rollingkick",
        "tm:sandattack",
        "tm:takedown",
        "tm:tailwhip",
        "tm:leer",
        "tm:lowkick",
        "tm:counter",
        "tm:growth",
        "tm:dragonrage",
        "tm:rockthrow",
        "tm:meditate",
        "tm:agility",
        "tm:quickattack",
        "tm:harden",
        "tm:defensecurl",
        "tm:barrier",
        "tm:lightscreen",
        "tm:reflect",
        "tm:bide",
        "tm:swift",
        "tm:skullbash",
        "tm:highjumpkick",
        "tm:dizzypunch",
        "tm:rest",
        "tm:substitute",
        "tm:snore",
        "tm:flail",
        "tm:spite",
        "tm:machpunch",
        "tm:feintattack",
        "tm:mudslap",
        "tm:detect",
        "tm:charm",
        "tm:rollout",
        "tm:falseswipe",
        "tm:return",
        "tm:frustration",
        "tm:dynamicpunch",
        "tm:encore",
        "tm:hiddenpower",
        "tm:crosschop",
        "tm:twister",
        "tm:sunnyday",
        "tm:crunch",
        "tm:mirrorcoat",
        "tm:ancientpower",
        "tm:rocksmash",
        "tm:whirlpool",
        "tm:stockpile",
        "tm:flatter",
        "tm:facade",
        "tm:focuspunch",
        "tm:followme",
        "tm:naturepower",
        "tm:assist",
        "tm:superpower",
        "tm:brickbreak",
        "tm:endeavor",
        "tm:secretpower",
        "tm:armthrust",
        "tm:blazekick",
        "tm:iceball",
        "tm:faketears",
        "tm:odorsleuth",
        "tm:bounce",
        "tm:mudshot",
        "tm:dragondance",
        "tm:gyroball",
        "tm:uturn",
        "tm:closecombat",
        "tm:fling",
        "tm:lastresort",
        "tm:suckerpunch",
        "tm:rockpolish",
        "tm:gigaimpact",
        "tm:rockclimb",
        "tm:captivate",
        "tm:headsmash",
        "tm:honeclaws",
        "tm:storedpower",
        "tm:acrobatics",
        "tm:voltswitch",
        "tm:wildcharge",
        "tm:flipturn",
        "tm:trailblaze"


      ],
      "labels": [
        "custom",
        "cobblemario",
        "koopa"
      ],
      "aspects": [
      "kp-koopa-true"
      ],
      "pokedex": [
        "cobblemon.species.kp_parakoopa.desc1",
        "cobblemon.species.kp_parakoopa.desc2"
      ],
      "height": 1,
      "weight": 1,
      "evolutions": [
      ],
      "cannotDynamax": false,
      "battleOnly": false
    }
  ],



  "moves": [
    "1:tackle",
    "1:tailwhip",
    "1:bite","REPLACEBEFOREFINISH",
    "1:withdraw",
    "9:rapidspin",
    "12:endure",
    "15:headbutt","REPLACEBEFOREFINISH",
    "20:protect",
    "25:raindance",
    "30:irondefense",
    "35:shellsmash",
    "40:dragonclaw","REPLACEBEFOREFINISH",
    "45:dualchop","REPLACEBEFOREFINISH",
    "50:bodyslam",
    "55:zenheadbutt","REPLACEBEFOREFINISH",
    "60:focusenergy",
    "65:dragonpulse",
    "70:outrage",
    "75:doubleedge",
    "77:dragonrush",
    "tm:stomp",
    "tm:doublekick",
    "tm:megakick",
    "tm:jumpkick",
    "tm:rollingkick",
    "tm:sandattack",
    "tm:takedown",
    "tm:tailwhip",
    "tm:leer",
    "tm:lowkick",
    "tm:counter",
    "tm:growth",
    "tm:dragonrage",
    "tm:rockthrow",
    "tm:meditate",
    "tm:agility",
    "tm:quickattack",
    "tm:harden",
    "tm:defensecurl",
    "tm:barrier",
    "tm:lightscreen",
    "tm:reflect",
    "tm:bide",
    "tm:swift",
    "tm:skullbash",
    "tm:highjumpkick",
    "tm:dizzypunch","REPLACEBEFOREFINISH",
    "tm:rest",
    "tm:substitute",
    "tm:snore",
    "tm:flail",
    "tm:spite",
    "tm:machpunch","REPLACEBEFOREFINISH",
    "tm:feintattack",
    "tm:mudslap",
    "tm:detect",
    "tm:charm",
    "tm:rollout","REPLACEBEFOREFINISH",
    "tm:falseswipe",
    "tm:return",
    "tm:frustration",
    "tm:dynamicpunch","REPLACEBEFOREFINISH",
    "tm:encore",
    "tm:hiddenpower",
    "tm:crosschop",
    "tm:twister",
    "tm:sunnyday",
    "tm:crunch",
    "tm:mirrorcoat",
    "tm:ancientpower",
    "tm:rocksmash",
    "tm:whirlpool",
    "tm:stockpile",
    "tm:flatter",
    "tm:facade",
    "tm:focuspunch","REPLACEBEFOREFINISH",
    "tm:followme",
    "tm:naturepower",
    "tm:assist",
    "tm:superpower",
    "tm:brickbreak","REPLACEBEFOREFINISH",
    "tm:endeavor",
    "tm:secretpower",
    "tm:armthrust","REPLACEBEFOREFINISH",
    "tm:blazekick",
    "tm:iceball",
    "tm:faketears",
    "tm:odorsleuth",
    "tm:bounce",
    "tm:mudshot",
    "tm:dragondance",
    "tm:gyroball",
    "tm:uturn",
    "tm:closecombat",
    "tm:fling",
    "tm:lastresort",
    "tm:suckerpunch",
    "tm:rockpolish",
    "tm:gigaimpact",
    "tm:rockclimb",
    "tm:captivate",
    "tm:headsmash",
    "tm:honeclaws","REPLACEBEFOREFINISH",
    "tm:storedpower",
    "tm:acrobatics",
    "tm:voltswitch",
    "tm:wildcharge",
    "tm:flipturn",
    "tm:trailblaze"
  ],





  "labels": [
    "custom",
    "cobblemario",
    "koopa"
  ],
  "pokedex": [
    "cobblemon.species.parakoopa.desc1",
    "cobblemon.species.parakoopa.desc2"
  ],
  "baseScale": 0.14,
  "hitbox": {
    "width": 1,
    "height": 2,
    "fixed": false
  },
  "baseFriendship": 50,
  "evYield": {
    "hp": 0,
    "attack": 0,
    "defence": 1,
    "special_attack": 0,
    "special_defence": 0,
    "speed": 1
  },
  "height": 1,
  "weight": 1,

  "preEvolution": "koopa",
  "evolutions": [
    {"id": "parakoopa-magikoopa-level_up1",
      "variant": "level_up",
      "result": "magikoopa",
      "consumeHeldItem": true,
      "learnableMoves": ["psychic", "healpulse"],
      "requirements": [
        {"variant": "has_move_type", "type": "psychic"},
        {"variant": "held_item", "itemCondition": "cobblemario:magikoopa_wand"}
      ]
    },

    {"id": "parakoopa-magikoopa-level_up2",
      "variant": "level_up",
      "result": "magikoopa",
      "consumeHeldItem": true,
      "learnableMoves": ["psychic", "healpulse"],
      "requirements": [
        {"variant": "has_move_type", "type": "psychic"},
        {"variant": "level", "minLevel": 26},
        {"variant": "held_item", "itemCondition": "cobblemon:wise_glasses"}
      ]
    },

    {"id": "parakoopa-redmagikoopa-item_interact1",
      "variant": "item_interact",
      "result": "magikoopa magikoopa_color=red",
      "consumeHeldItem": true,
      "learnableMoves": ["psychic", "coaching"],
      "requirements": [
        {"variant": "has_move_type", "type": "psychic"},
        {"variant": "held_item", "itemCondition": "cobblemario:magikoopa_wand"}
      ],
      "requiredContext": "cobblemon:red_wool"
    },

    {"id": "parakoopa-redmagikoopa-item_interact2",
      "variant": "item_interact",
      "result": "magikoopa magikoopa_color=red",
      "consumeHeldItem": true,
      "learnableMoves": ["psychic", "coaching"],
      "requirements": [
        {"variant": "has_move_type", "type": "psychic"},
        {"variant": "level", "minLevel": 26},
        {"variant": "held_item", "itemCondition": "cobblemon:wise_glasses"}
      ],
      "requiredContext": "minecraft:red_wool"
    },

    {"id": "parakoopa-greenmagikoopa-item_interact1",
      "variant": "item_interact",
      "result": "magikoopa magikoopa_color=green",
      "consumeHeldItem": true,
      "learnableMoves": ["psychic", "safeguard"],
      "requirements": [
        {"variant": "has_move_type", "type": "psychic"},
        {"variant": "held_item", "itemCondition": "cobblemario:magikoopa_wand"}
      ],
      "requiredContext": "cobblemon:green_wool"
    },

    {"id": "parakoopa-greenmagikoopa-item_interact2",
      "variant": "item_interact",
      "result": "magikoopa magikoopa_color=green",
      "consumeHeldItem": true,
      "learnableMoves": ["psychic", "safeguard"],
      "requirements": [
        {"variant": "has_move_type", "type": "psychic"},
        {"variant": "level", "minLevel": 26},
        {"variant": "held_item", "itemCondition": "cobblemon:wise_glasses"}
      ],
      "requiredContext": "minecraft:green_wool"
    },

    {"id": "parakoopa-whitemagikoopa-item_interact1",
      "variant": "item_interact",
      "result": "magikoopa magikoopa_color=white",
      "consumeHeldItem": true,
      "learnableMoves": ["psychic", "lifedew"],
      "requirements": [
        {"variant": "has_move_type", "type": "psychic"},
        {"variant": "held_item", "itemCondition": "cobblemario:magikoopa_wand"}
      ],
      "requiredContext": "cobblemon:white_wool"
    },

    {"id": "parakoopa-whitemagikoopa-item_interact2",
      "variant": "item_interact",
      "result": "magikoopa magikoopa_color=white",
      "consumeHeldItem": true,
      "learnableMoves": ["psychic", "lifedew"],
      "requirements": [
        {"variant": "has_move_type", "type": "psychic"},
        {"variant": "level", "minLevel": 26},
        {"variant": "held_item", "itemCondition": "cobblemon:wise_glasses"}
      ],
      "requiredContext": "minecraft:white_wool"
    },

    {"id": "parakoopa-yellowmagikoopa-item_interact1",
      "variant": "item_interact",
      "result": "magikoopa magikoopa_color=yellow",
      "consumeHeldItem": true,
      "learnableMoves": ["psychic", "thunderwave"],
      "requirements": [
        {"variant": "has_move_type", "type": "psychic"},
        {"variant": "held_item", "itemCondition": "cobblemario:magikoopa_wand"}
      ],
      "requiredContext": "cobblemon:yellow_wool"
    },

    {"id": "parakoopa-yellowmagikoopa-item_interact2",
      "variant": "item_interact",
      "result": "magikoopa magikoopa_color=yellow",
      "consumeHeldItem": true,
      "learnableMoves": ["psychic", "thunderwave"],
      "requirements": [
        {"variant": "has_move_type", "type": "psychic"},
        {"variant": "level", "minLevel": 26},
        {"variant": "held_item", "itemCondition": "cobblemon:wise_glasses"}
      ],
      "requiredContext": "minecraft:yellow_wool"
    },

    {"id": "parakoopa-graymagikoopa-item_interact1",
      "variant": "item_interact",
      "result": "magikoopa magikoopa_color=gray",
      "consumeHeldItem": true,
      "learnableMoves": ["psychic", "smokescreen"],
      "requirements": [
        {"variant": "has_move_type", "type": "psychic"},
        {"variant": "held_item", "itemCondition": "cobblemario:magikoopa_wand"}
      ],
      "requiredContext": "cobblemon:gray_wool"
    },

    {"id": "parakoopa-graymagikoopa-item_interact2",
      "variant": "item_interact",
      "result": "magikoopa magikoopa_color=gray",
      "consumeHeldItem": true,
      "learnableMoves": ["psychic", "smokescreen"],
      "requirements": [
        {"variant": "has_move_type", "type": "psychic"},
        {"variant": "level", "minLevel": 26},
        {"variant": "held_item", "itemCondition": "cobblemon:wise_glasses"}
      ],
      "requiredContext": "minecraft:gray_wool"
    },

    {"id": "parakoopa-purplemagikoopa-item_interact1",
      "variant": "item_interact",
      "result": "magikoopa magikoopa_color=purple",
      "consumeHeldItem": true,
      "learnableMoves": ["psychic", "taunt"],
      "requirements": [
        {"variant": "has_move_type", "type": "psychic"},
        {"variant": "held_item", "itemCondition": "cobblemario:magikoopa_wand"}
      ],
      "requiredContext": "cobblemon:purple_wool"
    },

    {"id": "parakoopa-purplemagikoopa-item_interact2",
      "variant": "item_interact",
      "result": "magikoopa magikoopa_color=purple",
      "consumeHeldItem": true,
      "learnableMoves": ["psychic", "taunt"],
      "requirements": [
        {"variant": "has_move_type", "type": "psychic"},
        {"variant": "level", "minLevel": 26},
        {"variant": "held_item", "itemCondition": "cobblemon:wise_glasses"}
      ],
      "requiredContext": "minecraft:purple_wool"
    }
  ]
}