{
  "head": "head",
  "portraitScale": 1,
  "portraitTranslation": [ 0, 0.5, 0 ],
  "profileScale": 1,
  "profileTranslation": [ 0, 0.4, 0 ],
  "faint": "bedrock(goomba, faint)",
  "poses": {
    "standing": {
      "poseName": "standing",
      "transformTicks": 10,
      "poseTypes": [
        "STAND",
        "NONE",
        "PORTRAIT",
        "PROFILE"
      ],
      "animations": [
        "look",
        "bedrock(goomba, ground_idle)"
      ]
    },
    "walking": {
      "poseName": "walking",
      "transformTicks": 10,
      "poseTypes": [
        "WALK"
      ],
      "animations": [
        "look",
        "bedrock(goomba, ground_walk)"
      ]
    },
    "sleeping": {
     "poseName": "sleeping",
     "transformTicks": 10,
     "poseTypes": [
       "SLEEP"
     ],
     "animations": [
       "bedrock(goomba, sleep)"
     ]
    }
  }
}