{
	"format_version": "1.8.0",
	"animations": {
		"animation.paragoomba.ground_walk": {
			"loop": true,
			"animation_length": 0.6667,
			"bones": {
				"foot_left": {
					"rotation": [30, 0, 0]
				},
				"foot_right": {
					"rotation": [30, 0, 0]
				},
				"left_wing": {
					"rotation": {
						"0.0": [0, 15, 0],
						"0.1667": [0, -45, 0],
						"0.3333": [0, 15, 0],
						"0.5": [0, -45, 0],
						"0.6667": [0, 15, 0]
					}
				},
				"right_wing": {
					"rotation": {
						"0.0": [0, -15, 0],
						"0.1667": [0, 45, 0],
						"0.3333": [0, -15, 0],
						"0.5": [0, 45, 0],
						"0.6667": [0, -15, 0]
					}
				},
				"2dwl2": {
					"rotation": {
						"0.0": [0, 20, 0],
						"0.1667": [0, 0, 0],
						"0.3333": [0, 20, 0],
						"0.5": [0, 0, 0],
						"0.6667": [0, 20, 0]
					}
				},
				"2dwl3": {
					"rotation": {
						"0.0": [0, 25, 0],
						"0.1667": [0, -5, 0],
						"0.3333": [0, 25, 0],
						"0.5": [0, -5, 0],
						"0.6667": [0, 25, 0]
					}
				},
				"2dwr2": {
					"rotation": {
						"0.0": [0, -20, 0],
						"0.1667": [0, 0, 0],
						"0.3333": [0, -20, 0],
						"0.5": [0, 0, 0],
						"0.6667": [0, -20, 0]
					}
				},
				"2dwr3": {
					"rotation": {
						"0.0": [0, -25, 0],
						"0.1667": [0, 0, 0],
						"0.3333": [0, -25, 0],
						"0.5": [0, 0, 0],
						"0.6667": [0, -25, 0]
					}
				},
				"diving_helmet": {
					"scale": 0.01
				},
				"innertube": {
					"scale": 0.01
				},
				"model": {
					"rotation": [30, 0, 0],
					"position": {
						"0.0": [0, 18, -1],
						"0.1667": [0, 14, 0],
						"0.3333": [0, 18, -1],
						"0.5": [0, 14, 0],
						"0.6667": [0, 18, -1]
					}
				}
			}
		},
		"animation.paragoomba.ground_idle": {
			"loop": true,
			"animation_length": 4,
			"bones": {
				"head": {
					"rotation": {
						"0.0": [0, 0, 0],
						"4.0": [0, 0, 0]
					},
					"position": {
						"0.0": [0, 0, 0],
						"2.0": [0, 0.5, 0],
						"4.0": [0, 0, 0]
					}
				},
				"body": {
					"rotation": {
						"0.0": [0, 0, 0],
						"4.0": [0, 0, 0]
					},
					"position": {
						"0.0": [0, 0, 0],
						"2.0": [0, 0.5, 0],
						"4.0": [0, 0, 0]
					}
				},
				"paraparagoomba": {
					"rotation": [22.5, 0, 0]
				},
				"foot_left": {
					"rotation": [30, 0, 0],
					"position": {
						"0.0": [0, 0, 0],
						"2.0": [0, 0.5, 0],
						"4.0": [0, 0, 0]
					}
				},
				"foot_right": {
					"rotation": [30, 0, 0],
					"position": {
						"0.0": [0, 0, 0],
						"2.0": [0, 0.5, 0],
						"4.0": [0, 0, 0]
					}
				},
				"left_wing": {
					"rotation": {
						"0.0": [0, -30, 0],
						"0.5": [0, 10, 0],
						"1.0": [0, -45, 0],
						"1.5": [0, 10, 0],
						"2.0": [0, -30, 0],
						"2.5": [0, 10, 0],
						"3.0": [0, -30, 0],
						"3.5": [0, 10, 0],
						"4.0": [0, -30, 0]
					}
				},
				"right_wing": {
					"rotation": {
						"0.0": [0, 30, 0],
						"0.5": [0, -15, 0],
						"1.0": [0, 45, 0],
						"1.5": [0, -15, 0],
						"2.0": [0, 30, 0],
						"2.5": [0, -10, 0],
						"3.0": [0, 30, 0],
						"3.5": [0, -10, 0],
						"4.0": [0, 30, 0]
					}
				},
				"jaw": {
					"rotation": {
						"0.0": [0, 0, 0],
						"2.0": ["math.clamp(5*math.sin(100*q.anim_time), 0, 10)", 0, 0],
						"4.0": [0, 0, 0]
					},
					"position": {
						"0.0": [0, 0, 0],
						"4.0": [0, 0, 0]
					}
				},
				"2dwl2": {
					"rotation": {
						"0.0": [0, 0, 0],
						"0.5": [0, 10, 0],
						"1.0": [0, 0, 0],
						"1.5": [0, 10, 0],
						"2.0": [0, 0, 0],
						"2.5": [0, 10, 0],
						"3.0": [0, 0, 0],
						"3.5": [0, 10, 0],
						"4.0": [0, 0, 0]
					}
				},
				"2dwl3": {
					"rotation": {
						"0.0": [0, 0, 0],
						"0.5": [0, 15, 0],
						"1.0": [0, 0, 0],
						"1.5": [0, 15, 0],
						"2.0": [0, 0, 0],
						"2.5": [0, 15, 0],
						"3.0": [0, 0, 0],
						"3.5": [0, 15, 0],
						"4.0": [0, 0, 0]
					}
				},
				"diving_helmet": {
					"scale": 0.01
				},
				"innertube": {
					"scale": 0.01
				},
				"model": {
					"rotation": [22.5, 0, 0],
					"position": [0, 16, 0]
				}
			}
		},
		"animation.paragoomba.status": {
			"animation_length": 1,
			"bones": {
				"head": {
					"rotation": {
						"0.0": [0, 0, 0],
						"0.125": {
							"pre": [-10, 0, 0],
							"post": [-10, 0, 0],
							"lerp_mode": "catmullrom"
						},
						"0.625": {
							"post": [-10, 0, 0],
							"lerp_mode": "catmullrom"
						},
						"0.875": {
							"post": [0, 0, 0],
							"lerp_mode": "catmullrom"
						},
						"1.0": [0, 0, 0]
					}
				},
				"jaw": {
					"rotation": {
						"0.0": [0, 0, 0],
						"0.0417": [0, 0, 0],
						"0.125": {
							"pre": [10, 0, 0],
							"post": [10, 0, 0],
							"lerp_mode": "catmullrom"
						},
						"0.2917": {
							"post": [20, 0, 0],
							"lerp_mode": "catmullrom"
						},
						"0.5": {
							"post": [15, 0, 0],
							"lerp_mode": "catmullrom"
						},
						"0.75": {
							"post": [2, 0, 0],
							"lerp_mode": "catmullrom"
						},
						"0.875": {
							"post": [0, 0, 0],
							"lerp_mode": "catmullrom"
						},
						"1.0": [0, 0, 0]
					}
				},
				"left_wing": {
					"rotation": {
						"0.0": [10, 15, 0],
						"0.1667": [10, -45, 0],
						"0.3333": [10, 15, 0],
						"0.5": [10, -45, 0],
						"0.6667": [10, 15, 0],
						"0.7917": [10, -45, 0],
						"0.9583": [10, 15, 0]
					}
				},
				"right_wing": {
					"rotation": {
						"0.0": [10, -15, 0],
						"0.1667": [10, 45, 0],
						"0.3333": [10, -15, 0],
						"0.5": [10, 45, 0],
						"0.6667": [10, -15, 0],
						"0.7917": [10, 45, 0],
						"0.9583": [10, -15, 0]
					}
				},
				"diving_helmet": {
					"scale": 0.01
				},
				"innertube": {
					"scale": 0.01
				},
				"left_eyebrow": {
					"rotation": [0, 0, -5]
				},
				"right_eyebrow": {
					"rotation": [0, 0, 5]
				},
				"foot_left": {
					"rotation": [30.86748, -12.95254, -7.63074]
				},
				"foot_right": {
					"rotation": [30.86748, 12.95254, 7.63074]
				},
				"model": {
					"position": {
						"0.0": [0, 17, -1],
						"0.1667": [0, 15, 0],
						"0.3333": [0, 17, -1],
						"0.5": [0, 15, 0],
						"0.6667": [0, 17, -1],
						"0.7917": [0, 15, 0],
						"0.9583": [0, 17, -1]
					}
				}
			}
		},
		"animation.paragoomba.special": {
			"animation_length": 1,
			"bones": {
				"head": {
					"rotation": {
						"0.0": [0, 0, 0],
						"0.125": {
							"pre": [-10, 0, 0],
							"post": [-10, 0, 0],
							"lerp_mode": "catmullrom"
						},
						"0.5": {
							"post": [-10, 0, 0],
							"lerp_mode": "catmullrom"
						},
						"0.75": {
							"post": [0, 0, 0],
							"lerp_mode": "catmullrom"
						},
						"1.0": [0, 0, 0]
					},
					"position": {
						"0.0": [0, 0, 0],
						"0.125": [0, 0, -1],
						"1.0": [0, 0, 0]
					}
				},
				"jaw": {
					"rotation": {
						"0.0": [0, 0, 0],
						"0.0417": [0, 0, 0],
						"0.125": {
							"pre": [15, 0, 0],
							"post": [15, 0, 0],
							"lerp_mode": "catmullrom"
						},
						"0.2917": {
							"post": [45, 0, 0],
							"lerp_mode": "catmullrom"
						},
						"0.5": {
							"post": [20, 0, 0],
							"lerp_mode": "catmullrom"
						},
						"0.75": {
							"post": [2, 0, 0],
							"lerp_mode": "catmullrom"
						},
						"0.875": {
							"post": [0, 0, 0],
							"lerp_mode": "catmullrom"
						},
						"1.0": [0, 0, 0]
					}
				},
				"left_wing": {
					"rotation": {
						"0.0": [-10, 15, 0],
						"0.1667": [-10, -45, 0],
						"0.3333": [-10, 15, 0],
						"0.5": [-10, -45, 0],
						"0.6667": [-10, 15, 0],
						"0.7917": [-10, -45, 0],
						"0.9583": [-10, 15, 0]
					}
				},
				"right_wing": {
					"rotation": {
						"0.0": [-10, -15, 0],
						"0.125": [-10, 45, 0],
						"0.25": [-10, -15, 0],
						"0.375": [-10, 45, 0],
						"0.5": [-10, -15, 0],
						"0.625": [-10, 45, 0],
						"0.75": [-10, -15, 0],
						"0.8333": [-10, 45, 0],
						"0.9583": [-10, -15, 0]
					}
				},
				"diving_helmet": {
					"scale": 0.01
				},
				"innertube": {
					"scale": 0.01
				},
				"left_eyebrow": {
					"rotation": [0, 0, 15],
					"position": [0, -0.5, 0]
				},
				"right_eyebrow": {
					"rotation": [0, 0, -15],
					"position": [0, -0.5, 0]
				},
				"body": {
					"position": {
						"0.0": [0, 0, 0],
						"0.125": [0, 0, -0.5],
						"1.0": [0, 0, 0]
					}
				},
				"foot_left": {
					"rotation": [30.86748, -12.95254, -7.63074],
					"position": [0, 0, -1]
				},
				"foot_right": {
					"rotation": [30.86748, 12.95254, 7.63074],
					"position": [0, 0, -1]
				},
				"model": {
					"position": {
						"0.0": [0, 17, -1],
						"0.1667": [0, 15, 0],
						"0.3333": [0, 17, -1],
						"0.5": [0, 15, 0],
						"0.6667": [0, 17, -1],
						"0.7917": [0, 15, 0],
						"0.9583": [0, 17, -1]
					}
				}
			}
		},
		"animation.paragoomba.air_special": {
			"animation_length": 1,
			"bones": {
				"head": {
					"rotation": {
						"0.0": [0, 0, 0],
						"0.125": {
							"pre": [-10, 0, 0],
							"post": [-10, 0, 0],
							"lerp_mode": "catmullrom"
						},
						"0.5": {
							"post": [-10, 0, 0],
							"lerp_mode": "catmullrom"
						},
						"0.75": {
							"post": [0, 0, 0],
							"lerp_mode": "catmullrom"
						},
						"1.0": [0, 0, 0]
					},
					"position": {
						"0.0": [0, 0, 0],
						"0.125": [0, 0, -1],
						"1.0": [0, 0, 0]
					}
				},
				"jaw": {
					"rotation": {
						"0.0": [0, 0, 0],
						"0.0417": [0, 0, 0],
						"0.125": {
							"pre": [15, 0, 0],
							"post": [15, 0, 0],
							"lerp_mode": "catmullrom"
						},
						"0.2917": {
							"post": [45, 0, 0],
							"lerp_mode": "catmullrom"
						},
						"0.5": {
							"post": [20, 0, 0],
							"lerp_mode": "catmullrom"
						},
						"0.75": {
							"post": [2, 0, 0],
							"lerp_mode": "catmullrom"
						},
						"0.875": {
							"post": [0, 0, 0],
							"lerp_mode": "catmullrom"
						},
						"1.0": [0, 0, 0]
					}
				},
				"left_wing": {
					"rotation": {
						"0.0": [-10, 15, 0],
						"0.1667": [-10, -45, 0],
						"0.3333": [-10, 15, 0],
						"0.5": [-10, -45, 0],
						"0.6667": [-10, 15, 0],
						"0.7917": [-10, -45, 0],
						"0.9583": [-10, 15, 0]
					}
				},
				"right_wing": {
					"rotation": {
						"0.0": [-10, -15, 0],
						"0.125": [-10, 45, 0],
						"0.25": [-10, -15, 0],
						"0.375": [-10, 45, 0],
						"0.5": [-10, -15, 0],
						"0.625": [-10, 45, 0],
						"0.75": [-10, -15, 0],
						"0.8333": [-10, 45, 0],
						"0.9583": [-10, -15, 0]
					}
				},
				"diving_helmet": {
					"scale": 0.01
				},
				"innertube": {
					"scale": 0.01
				},
				"left_eyebrow": {
					"rotation": [0, 0, 15],
					"position": [0, -0.5, 0]
				},
				"right_eyebrow": {
					"rotation": [0, 0, -15],
					"position": [0, -0.5, 0]
				},
				"body": {
					"position": {
						"0.0": [0, 0, 0],
						"0.125": [0, 0, -0.5],
						"1.0": [0, 0, 0]
					}
				},
				"foot_left": {
					"rotation": [30.86748, -12.95254, -7.63074],
					"position": [0, 0, -1]
				},
				"foot_right": {
					"rotation": [30.86748, 12.95254, 7.63074],
					"position": [0, 0, -1]
				},
				"model": {
					"position": {
						"0.0": [0, 1, -1],
						"0.1667": [0, -1, 0],
						"0.3333": [0, 1, -1],
						"0.5": [0, -1, 0],
						"0.6667": [0, 1, -1],
						"0.7917": [0, -1, 0],
						"0.9583": [0, 1, -1]
					}
				}
			}
		},
		"animation.paragoomba.physical": {
			"animation_length": 1,
			"bones": {
				"head": {
					"rotation": {
						"0.0": [0, 0, 0],
						"0.125": {
							"pre": [-10, 0, 0],
							"post": [-10, 0, 0],
							"lerp_mode": "catmullrom"
						},
						"0.5": {
							"post": [-10, 0, 0],
							"lerp_mode": "catmullrom"
						},
						"0.75": {
							"post": [0, 0, 0],
							"lerp_mode": "catmullrom"
						},
						"1.0": [0, 0, 0]
					},
					"position": {
						"0.0": [0, 0, 0],
						"0.125": [0, 0, -1],
						"1.0": [0, 0, 0]
					}
				},
				"jaw": {
					"rotation": {
						"0.0": [0, 0, 0],
						"0.0417": [0, 0, 0],
						"0.125": {
							"pre": [10, 0, 0],
							"post": [10, 0, 0],
							"lerp_mode": "catmullrom"
						},
						"0.2917": {
							"post": [20, 0, 0],
							"lerp_mode": "catmullrom"
						},
						"0.5": {
							"post": [15, 0, 0],
							"lerp_mode": "catmullrom"
						},
						"0.75": {
							"post": [2, 0, 0],
							"lerp_mode": "catmullrom"
						},
						"0.875": {
							"post": [0, 0, 0],
							"lerp_mode": "catmullrom"
						},
						"1.0": [0, 0, 0]
					}
				},
				"left_wing": {
					"rotation": {
						"0.0": [-10, 15, 0],
						"0.125": [-10, -45, 0],
						"0.25": [-10, 15, 0],
						"0.375": [-10, -45, 0],
						"0.5": [-10, 15, 0],
						"0.5833": [-10, -45, 0],
						"0.8333": [-10, -45, 0],
						"0.875": [-10, 15, 0],
						"0.9167": [-10, -45, 0],
						"0.9583": [-10, 15, 0]
					}
				},
				"right_wing": {
					"rotation": {
						"0.0": [-10, -15, 0],
						"0.125": [-10, 45, 0],
						"0.25": [-10, -15, 0],
						"0.375": [-10, 45, 0],
						"0.5": [-10, -15, 0],
						"0.5833": [-10, 45, 0],
						"0.8333": [-10, 45, 0],
						"0.875": [-10, -15, 0],
						"0.9167": [-10, 45, 0],
						"0.9583": [-10, -15, 0]
					}
				},
				"diving_helmet": {
					"scale": 0.01
				},
				"innertube": {
					"scale": 0.01
				},
				"left_eyebrow": {
					"rotation": [0, 0, 15],
					"position": [0, -0.5, 0]
				},
				"right_eyebrow": {
					"rotation": [0, 0, -15],
					"position": [0, -0.5, 0]
				},
				"body": {
					"position": {
						"0.0": [0, 0, 0],
						"0.125": [0, 0, -0.5],
						"1.0": [0, 0, 0]
					}
				},
				"foot_left": {
					"rotation": {
						"0.0": [30.86748, -12.95254, -7.63074],
						"0.2917": [30.86748, -12.95254, -7.63074],
						"0.5417": [-25, 0, 0],
						"0.75": [-25, 0, 0],
						"0.8333": [-25, 0, 0],
						"1.0": [30.86748, -12.95254, -7.63074]
					},
					"position": {
						"0.0": [0, 0, -1],
						"0.5833": [0, 0, 0],
						"0.75": [0, -4, -4],
						"0.8333": [0, -3, -3],
						"1.0": [0, 0, -1]
					}
				},
				"foot_right": {
					"rotation": {
						"0.0": [30.86748, 12.95254, 7.63074],
						"1.0": [30.86748, 12.95254, 7.63074]
					},
					"position": {
						"0.0": [0, 0, -1],
						"0.5833": [0, 0, -1],
						"0.75": [0, 1, 0],
						"0.8333": [0, 1, 0],
						"1.0": [0, 0, -1]
					}
				},
				"model": {
					"position": {
						"0.0": [0, 17, -1],
						"0.0833": [0, 16, -0.5],
						"0.1667": [0, 19, 0],
						"0.25": [0, 18, -0.5],
						"0.3333": [0, 21, -1],
						"0.4167": [0, 20, -0.75],
						"0.5": [0, 23, 0],
						"0.5833": [0, 23, 0],
						"0.75": [0, 8, 0],
						"0.8333": [0, 8, 0],
						"1.0": [0, 16, 0]
					}
				}
			}
		},
		"animation.paragoomba.air_physical": {
			"animation_length": 1,
			"bones": {
				"head": {
					"rotation": {
						"0.0": [0, 0, 0],
						"0.125": {
							"pre": [-10, 0, 0],
							"post": [-10, 0, 0],
							"lerp_mode": "catmullrom"
						},
						"0.5": {
							"post": [-10, 0, 0],
							"lerp_mode": "catmullrom"
						},
						"0.75": {
							"post": [0, 0, 0],
							"lerp_mode": "catmullrom"
						},
						"1.0": [0, 0, 0]
					},
					"position": {
						"0.0": [0, 0, 0],
						"0.125": [0, 0, -1],
						"1.0": [0, 0, 0]
					}
				},
				"jaw": {
					"rotation": {
						"0.0": [0, 0, 0],
						"0.0417": [0, 0, 0],
						"0.125": {
							"pre": [10, 0, 0],
							"post": [10, 0, 0],
							"lerp_mode": "catmullrom"
						},
						"0.2917": {
							"post": [20, 0, 0],
							"lerp_mode": "catmullrom"
						},
						"0.5": {
							"post": [15, 0, 0],
							"lerp_mode": "catmullrom"
						},
						"0.75": {
							"post": [2, 0, 0],
							"lerp_mode": "catmullrom"
						},
						"0.875": {
							"post": [0, 0, 0],
							"lerp_mode": "catmullrom"
						},
						"1.0": [0, 0, 0]
					}
				},
				"left_wing": {
					"rotation": {
						"0.0": [-10, 15, 0],
						"0.125": [-10, -45, 0],
						"0.25": [-10, 15, 0],
						"0.375": [-10, -45, 0],
						"0.5": [-10, 15, 0],
						"0.5833": [-10, -45, 0],
						"0.8333": [-10, -45, 0],
						"0.875": [-10, 15, 0],
						"0.9167": [-10, -45, 0],
						"0.9583": [-10, 15, 0]
					}
				},
				"right_wing": {
					"rotation": {
						"0.0": [-10, -15, 0],
						"0.125": [-10, 45, 0],
						"0.25": [-10, -15, 0],
						"0.375": [-10, 45, 0],
						"0.5": [-10, -15, 0],
						"0.5833": [-10, 45, 0],
						"0.8333": [-10, 45, 0],
						"0.875": [-10, -15, 0],
						"0.9167": [-10, 45, 0],
						"0.9583": [-10, -15, 0]
					}
				},
				"diving_helmet": {
					"scale": 0.01
				},
				"innertube": {
					"scale": 0.01
				},
				"left_eyebrow": {
					"rotation": [0, 0, 15],
					"position": [0, -0.5, 0]
				},
				"right_eyebrow": {
					"rotation": [0, 0, -15],
					"position": [0, -0.5, 0]
				},
				"body": {
					"position": {
						"0.0": [0, 0, 0],
						"0.125": [0, 0, -0.5],
						"1.0": [0, 0, 0]
					}
				},
				"foot_left": {
					"rotation": {
						"0.0": [30.86748, -12.95254, -7.63074],
						"0.2917": [30.86748, -12.95254, -7.63074],
						"0.5417": [-25, 0, 0],
						"0.75": [-25, 0, 0],
						"0.8333": [-25, 0, 0],
						"1.0": [30.86748, -12.95254, -7.63074]
					},
					"position": {
						"0.0": [0, 0, -1],
						"0.5833": [0, 0, 0],
						"0.75": [0, -4, -4],
						"0.8333": [0, -3, -3],
						"1.0": [0, 0, -1]
					}
				},
				"foot_right": {
					"rotation": {
						"0.0": [30.86748, 12.95254, 7.63074],
						"1.0": [30.86748, 12.95254, 7.63074]
					},
					"position": {
						"0.0": [0, 0, -1],
						"0.5833": [0, 0, -1],
						"0.75": [0, 1, 0],
						"0.8333": [0, 1, 0],
						"1.0": [0, 0, -1]
					}
				},
				"model": {
					"position": {
						"0.0": [0, 17, -1],
						"0.0833": [0, 16, -0.5],
						"0.1667": [0, 19, 0],
						"0.25": [0, 18, -0.5],
						"0.3333": [0, 21, -1],
						"0.4167": [0, 20, -0.75],
						"0.5": [0, 23, 0],
						"0.5833": [0, 23, 0],
						"0.75": [0, 8, 0],
						"0.8333": [0, 8, 0],
						"1.0": [0, 16, 0]
					}
				}
			}
		},
		"animation.paragoomba.recoil": {
			"animation_length": 1.5,
			"bones": {
				"head": {
					"rotation": {
						"0.0": [0, 0, 0],
						"0.125": {
							"pre": [-8, 1, 0],
							"post": [-8, 1, 0],
							"lerp_mode": "catmullrom"
						},
						"0.8333": {
							"post": [1, 0, 0],
							"lerp_mode": "catmullrom"
						},
						"1.5": [0, 0, 0]
					},
					"position": {
						"0.0": [0, 0, 0],
						"0.125": [0, 0, 1],
						"0.8333": [0, 0, 0]
					}
				},
				"jaw": {
					"rotation": {
						"0.0": [0, 0, 0],
						"0.0417": [0, 0, 0],
						"0.125": [5, 0, 0],
						"0.2917": [10, 0, 0],
						"0.5": [7.5, 0, 0],
						"0.75": [2, 0, 0],
						"0.875": [0, 0, 0]
					}
				},
				"diving_helmet": {
					"scale": 0.01
				},
				"innertube": {
					"scale": 0.01
				},
				"ltelt": {
					"rotation": {
						"0.0": [0, 0, 0],
						"0.2917": [0, 0, 0]
					},
					"position": {
						"0.0": [0, 0, 0],
						"0.0833": [0, -0.5, 0],
						"0.2083": [0, -0.5, 0],
						"0.2917": [0, 0, 0]
					}
				},
				"ltelb": {
					"rotation": {
						"0.0": [0, 0, 0],
						"0.2917": [0, 0, 0]
					},
					"position": {
						"0.0": [0, 0, 0],
						"0.0833": [0, -1.5, 0],
						"0.2083": [0, -1.5, 0],
						"0.2917": [0, 0, 0]
					}
				},
				"lbelt": {
					"rotation": {
						"0.0": [0, 0, 0],
						"0.2917": [0, 0, 0]
					},
					"position": {
						"0.0": [0, 0, 0],
						"0.0833": [0, 2, 0],
						"0.2083": [0, 2, 0],
						"0.2917": [0, 0, 0]
					}
				},
				"lbelb": {
					"rotation": {
						"0.0": [0, 0, 0],
						"0.2917": [0, 0, 0]
					},
					"position": {
						"0.0": [0, 0, 0],
						"0.0833": [0, 1, 0],
						"0.2083": [0, 1, 0],
						"0.2917": [0, 0, 0]
					}
				},
				"left_eyebrow": {
					"rotation": [0, 0, 0],
					"position": {
						"0.0": [0, 0, 0],
						"0.0417": [0, 1, 0],
						"1.0": [0, 1, 0],
						"1.5": [0, 0, 0]
					}
				},
				"rtelt": {
					"rotation": {
						"0.0": [0, 0, 0],
						"0.2917": [0, 0, 0]
					},
					"position": {
						"0.0": [0, 0, 0],
						"0.0833": [0, -0.5, 0],
						"0.2083": [0, -0.5, 0],
						"0.2917": [0, 0, 0]
					}
				},
				"rtelb": {
					"rotation": {
						"0.0": [0, 0, 0],
						"0.2917": [0, 0, 0]
					},
					"position": {
						"0.0": [0, 0, 0],
						"0.0833": [0, -1.5, 0],
						"0.2083": [0, -1.5, 0],
						"0.2917": [0, 0, 0]
					}
				},
				"rbelt": {
					"rotation": {
						"0.0": [0, 0, 0],
						"0.2917": [0, 0, 0]
					},
					"position": {
						"0.0": [0, 0, 0],
						"0.0833": [0, 2, 0],
						"0.2083": [0, 2, 0],
						"0.2917": [0, 0, 0]
					}
				},
				"rebelb": {
					"rotation": {
						"0.0": [0, 0, 0],
						"0.2917": [0, 0, 0]
					},
					"position": {
						"0.0": [0, 0, 0],
						"0.0833": [0, 1, 0],
						"0.2083": [0, 1, 0],
						"0.2917": [0, 0, 0]
					}
				},
				"right_eyebrow": {
					"rotation": [0, 0, 0],
					"position": {
						"0.0": [0, 0, 0],
						"0.0417": [0, 1, 0],
						"1.0": [0, 1, 0],
						"1.5": [0, 0, 0]
					}
				},
				"body": {
					"rotation": {
						"0.0": [0, 0, 0],
						"0.125": {
							"pre": [-8, 1, 0],
							"post": [-8, 1, 0],
							"lerp_mode": "catmullrom"
						},
						"0.8333": {
							"post": [1, 0, 0],
							"lerp_mode": "catmullrom"
						},
						"1.5": [0, 0, 0]
					},
					"position": {
						"0.0": [0, 0, 0],
						"0.125": [0, 0, 1],
						"0.8333": [0, 0, 0]
					}
				}
			}
		},
		"animation.paragoomba.cry": {
			"animation_length": 1,
			"bones": {
				"head": {
					"rotation": {
						"0.0": [0, 0, 0],
						"0.0833": {
							"pre": [-10, 0, 0],
							"post": [-10, 0, 0],
							"lerp_mode": "catmullrom"
						},
						"0.3333": {
							"post": [-10.59, 0, 0],
							"lerp_mode": "catmullrom"
						},
						"0.5": {
							"post": [-3.55, 0, 0],
							"lerp_mode": "catmullrom"
						},
						"0.75": {
							"post": [0, 0, 0],
							"lerp_mode": "catmullrom"
						},
						"1.0": [0, 0, 0]
					}
				},
				"jaw": {
					"rotation": {
						"0.0": [0, 0, 0],
						"0.0417": [0, 0, 0],
						"0.125": {
							"pre": [10, 0, 0],
							"post": [10, 0, 0],
							"lerp_mode": "catmullrom"
						},
						"0.2917": {
							"post": [20, 0, 0],
							"lerp_mode": "catmullrom"
						},
						"0.5": {
							"post": [15, 0, 0],
							"lerp_mode": "catmullrom"
						},
						"0.75": {
							"post": [2, 0, 0],
							"lerp_mode": "catmullrom"
						},
						"0.875": {
							"post": [0, 0, 0],
							"lerp_mode": "catmullrom"
						},
						"1.0": [0, 0, 0]
					}
				},
				"left_wing": {
					"rotation": {
						"0.0417": {
							"pre": [0, 25, 0],
							"post": [0, 25, 0],
							"lerp_mode": "catmullrom"
						},
						"0.25": {
							"post": [0, -5, 0],
							"lerp_mode": "catmullrom"
						},
						"0.3333": {
							"post": [0, 15, 0],
							"lerp_mode": "catmullrom"
						},
						"0.5": {
							"post": [0, -5, 0],
							"lerp_mode": "catmullrom"
						},
						"0.5833": {
							"post": [0, 15, 0],
							"lerp_mode": "catmullrom"
						},
						"0.7083": {
							"post": [0, -5, 0],
							"lerp_mode": "catmullrom"
						},
						"0.75": [0, 0, 0]
					}
				},
				"right_wing": {
					"rotation": {
						"0.0417": {
							"pre": [0, -25, 0],
							"post": [0, -25, 0],
							"lerp_mode": "catmullrom"
						},
						"0.25": {
							"post": [0, 5, 0],
							"lerp_mode": "catmullrom"
						},
						"0.3333": {
							"post": [0, -15, 0],
							"lerp_mode": "catmullrom"
						},
						"0.5": {
							"post": [0, 5, 0],
							"lerp_mode": "catmullrom"
						},
						"0.5833": {
							"post": [0, -15, 0],
							"lerp_mode": "catmullrom"
						},
						"0.7083": {
							"post": [0, 5, 0],
							"lerp_mode": "catmullrom"
						},
						"0.75": [0, 0, 0]
					}
				},
				"diving_helmet": {
					"scale": 0.01
				},
				"innertube": {
					"scale": 0.01
				},
				"model": {
					"rotation": {
						"0.0": [0, 0, 0],
						"0.75": [0, 0, 0]
					},
					"position": {
						"0.0": [0, 0, 0],
						"0.0417": [0, 0, 0],
						"0.2917": [0, 18, 0],
						"0.75": [0, 0, 0]
					}
				}
			}
		},
		"animation.paragoomba.faint": {
			"loop": "hold_on_last_frame",
			"animation_length": 5,
			"bones": {
				"wings": {
					"rotation": [0, 0, 0],
					"position": [0, 0, 0],
					"scale": {
						"0.0": [1, 1, 1],
						"0.0833": [0, 0, 0],
						"0.1667": [1, 1, 1],
						"0.25": [0, 0, 0],
						"0.3333": [1, 1, 1],
						"0.4167": [0, 0, 0],
						"0.5": [1, 1, 1],
						"0.5833": [0, 0, 0],
						"0.6667": [0, 0, 0],
						"0.75": [0, 0, 0]
					}
				},
				"diving_helmet": {
					"scale": 0.01
				},
				"innertube": {
					"scale": 0.01
				},
				"model": {
					"rotation": {
						"0.0": [22.5, 0, 0],
						"0.75": [22.5, 0, 0],
						"1.0": [0, 0, 0]
					},
					"position": {
						"0.0": [0, 16, 0],
						"0.75": [0, 16, 0],
						"1.0": [0, 0, 0],
						"1.1667": [0, -0.5, 0]
					},
					"scale": {
						"0.0": [1, 1, 1],
						"1.0833": [1, 1, 1],
						"1.1667": [1, 0.2, 1]
					}
				}
			}
		},
		"animation.paragoomba.sleep": {
			"loop": true,
			"animation_length": 4,
			"bones": {
				"head": {
					"rotation": {
						"0.0": [16, 0, 0],
						"1.0": [30, 0, 0],
						"4.0": [16, 0, 0]
					},
					"position": {
						"0.0": [0, 0, 0],
						"4.0": [0, 0, 0]
					}
				},
				"body": {
					"rotation": {
						"0.0": [0, 0, 0],
						"4.0": [0, 0, 0]
					},
					"position": {
						"0.0": [0, 0, 0],
						"2.0": [0, 0.25, 0],
						"4.0": [0, 0, 0]
					}
				},
				"foot_left": {
					"rotation": [30, 0, 0],
					"position": {
						"0.0": [0, 0, 0],
						"2.0": [0, 0.5, 0],
						"4.0": [0, 0, 0]
					}
				},
				"foot_right": {
					"rotation": [30, 0, 0],
					"position": {
						"0.0": [0, 0, 0],
						"2.0": [0, 0.5, 0],
						"4.0": [0, 0, 0]
					}
				},
				"left_wing": {
					"rotation": {
						"0.0": [0, -30, 0],
						"0.5": [0, 10, 0],
						"1.0": [0, -45, 0],
						"1.5": [0, 10, 0],
						"2.0": [0, -30, 0],
						"2.5": [0, 10, 0],
						"3.0": [0, -30, 0],
						"3.5": [0, 10, 0],
						"4.0": [0, -30, 0]
					}
				},
				"right_wing": {
					"rotation": {
						"0.0": [0, 30, 0],
						"0.5": [0, -15, 0],
						"1.0": [0, 45, 0],
						"1.5": [0, -15, 0],
						"2.0": [0, 30, 0],
						"2.5": [0, -10, 0],
						"3.0": [0, 30, 0],
						"3.5": [0, -10, 0],
						"4.0": [0, 30, 0]
					}
				},
				"ltelt": {
					"position": [0, -0.5, 0]
				},
				"ltelb": {
					"position": [0, -1.5, 0]
				},
				"lbel": {
					"position": [0, 2, 0]
				},
				"lbelb": {
					"position": [0, -1, 0]
				},
				"rtelt": {
					"position": [0, -0.5, 0]
				},
				"rtelb": {
					"position": [0, -1.5, 0]
				},
				"rbel": {
					"position": [0, 2, 0]
				},
				"rebelb": {
					"position": [0, -1, 0]
				},
				"jaw": {
					"rotation": {
						"0.0": [0, 0, 0],
						"2.0": ["math.clamp(5*math.sin(100*q.anim_time), 0, 10)", 0, 0],
						"4.0": [0, 0, 0]
					}
				},
				"diving_helmet": {
					"scale": 0.01
				},
				"innertube": {
					"scale": 0.01
				},
				"model": {
					"position": {
						"0.0": [0, 8, 0],
						"2.0": [0, 6, 0],
						"4.0": [0, 8, 0]
					}
				}
			}
		},
		"animation.paragoomba.blink": {
			"animation_length": 0.3333,
			"bones": {
				"ltelt": {
					"rotation": {
						"0.0": [0, 0, 0],
						"0.2917": [0, 0, 0]
					},
					"position": {
						"0.0": [0, 0, 0],
						"0.125": [0, -0.5, 0],
						"0.1667": [0, -0.5, 0],
						"0.2917": [0, 0, 0]
					}
				},
				"ltelb": {
					"rotation": {
						"0.0": [0, 0, 0],
						"0.2917": [0, 0, 0]
					},
					"position": {
						"0.0": [0, 0, 0],
						"0.125": [0, -1.5, 0],
						"0.1667": [0, -1.5, 0],
						"0.2917": [0, 0, 0]
					}
				},
				"rtelt": {
					"rotation": {
						"0.0": [0, 0, 0],
						"0.2917": [0, 0, 0]
					},
					"position": {
						"0.0": [0, 0, 0],
						"0.125": [0, -0.5, 0],
						"0.1667": [0, -0.5, 0],
						"0.2917": [0, 0, 0]
					}
				},
				"rtelb": {
					"rotation": {
						"0.0": [0, 0, 0],
						"0.2917": [0, 0, 0]
					},
					"position": {
						"0.0": [0, 0, 0],
						"0.125": [0, -1.5, 0],
						"0.1667": [0, -1.5, 0],
						"0.2917": [0, 0, 0]
					}
				},
				"jaw": {
					"rotation": {
						"0.0": [0, 0, 0],
						"0.125": [-1, 0, 0],
						"0.1667": [-1, 0, 0],
						"0.2917": [0, 0, 0]
					},
					"position": {
						"0.0": [0, 0, 0],
						"0.2917": [0, 0, 0]
					}
				},
				"lbelt": {
					"rotation": {
						"0.0": [0, 0, 0],
						"0.2917": [0, 0, 0]
					},
					"position": {
						"0.0": [0, 0, 0],
						"0.125": [0, 2, 0],
						"0.1667": [0, 2, 0],
						"0.2917": [0, 0, 0]
					}
				},
				"lbelb": {
					"rotation": {
						"0.0": [0, 0, 0],
						"0.2917": [0, 0, 0]
					},
					"position": {
						"0.0": [0, 0, 0],
						"0.125": [0, 1, 0],
						"0.1667": [0, 1, 0],
						"0.2917": [0, 0, 0]
					}
				},
				"rbelt": {
					"rotation": {
						"0.0": [0, 0, 0],
						"0.2917": [0, 0, 0]
					},
					"position": {
						"0.0": [0, 0, 0],
						"0.125": [0, 2, 0],
						"0.1667": [0, 2, 0],
						"0.2917": [0, 0, 0]
					}
				},
				"rebelb": {
					"rotation": {
						"0.0": [0, 0, 0],
						"0.2917": [0, 0, 0]
					},
					"position": {
						"0.0": [0, 0, 0],
						"0.125": [0, 1, 0],
						"0.1667": [0, 1, 0],
						"0.2917": [0, 0, 0]
					}
				},
				"left_eyebrow": {
					"rotation": {
						"0.0": [0, 0, 0],
						"0.125": [0, 0, "2.5+twitchinga"],
						"0.1667": [0, 0, "2.5+twitchinga"],
						"0.2917": [0, 0, 0]
					},
					"position": {
						"0.0": [0, 0, 0],
						"0.2917": [0, 0, 0]
					}
				},
				"right_eyebrow": {
					"rotation": {
						"0.0": [0, 0, 0],
						"0.125": [0, 0, "-2.5-twitchinga"],
						"0.1667": [0, 0, "-2.5-twitchinga"],
						"0.2917": [0, 0, 0]
					},
					"position": {
						"0.0": [0, 0, 0],
						"0.2917": [0, 0, 0]
					}
				},
				"left_wing": {
					"rotation": [0, 2.5, 0]
				},
				"right_wing": {
					"rotation": [0, -2.5, 0]
				}
			}
		},
		"animation.paragoomba.air_idle": {
			"loop": true,
			"animation_length": 4,
			"bones": {
				"head": {
					"rotation": {
						"0.0": [0, 0, 0],
						"4.0": [0, 0, 0]
					},
					"position": {
						"0.0": [0, 0, 0],
						"2.0": [0, 0.5, 0],
						"4.0": [0, 0, 0]
					}
				},
				"body": {
					"rotation": {
						"0.0": [0, 0, 0],
						"4.0": [0, 0, 0]
					},
					"position": {
						"0.0": [0, 0, 0],
						"2.0": [0, 0.5, 0],
						"4.0": [0, 0, 0]
					}
				},
				"paraparagoomba": {
					"rotation": [22.5, 0, 0]
				},
				"foot_left": {
					"rotation": [30, 0, 0],
					"position": {
						"0.0": [0, 0, 0],
						"2.0": [0, 0.5, 0],
						"4.0": [0, 0, 0]
					}
				},
				"foot_right": {
					"rotation": [30, 0, 0],
					"position": {
						"0.0": [0, 0, 0],
						"2.0": [0, 0.5, 0],
						"4.0": [0, 0, 0]
					}
				},
				"left_wing": {
					"rotation": {
						"0.0": [0, -30, 0],
						"0.5": [0, 10, 0],
						"1.0": [0, -45, 0],
						"1.5": [0, 10, 0],
						"2.0": [0, -30, 0],
						"2.5": [0, 10, 0],
						"3.0": [0, -30, 0],
						"3.5": [0, 10, 0],
						"4.0": [0, -30, 0]
					}
				},
				"right_wing": {
					"rotation": {
						"0.0": [0, 30, 0],
						"0.5": [0, -15, 0],
						"1.0": [0, 45, 0],
						"1.5": [0, -15, 0],
						"2.0": [0, 30, 0],
						"2.5": [0, -10, 0],
						"3.0": [0, 30, 0],
						"3.5": [0, -10, 0],
						"4.0": [0, 30, 0]
					}
				},
				"jaw": {
					"rotation": {
						"0.0": [0, 0, 0],
						"2.0": ["math.clamp(5*math.sin(100*q.anim_time), 0, 10)", 0, 0],
						"4.0": [0, 0, 0]
					},
					"position": {
						"0.0": [0, 0, 0],
						"4.0": [0, 0, 0]
					}
				},
				"2dwl2": {
					"rotation": {
						"0.0": [0, 0, 0],
						"0.5": [0, 10, 0],
						"1.0": [0, 0, 0],
						"1.5": [0, 10, 0],
						"2.0": [0, 0, 0],
						"2.5": [0, 10, 0],
						"3.0": [0, 0, 0],
						"3.5": [0, 10, 0],
						"4.0": [0, 0, 0]
					}
				},
				"2dwl3": {
					"rotation": {
						"0.0": [0, 0, 0],
						"0.5": [0, 15, 0],
						"1.0": [0, 0, 0],
						"1.5": [0, 15, 0],
						"2.0": [0, 0, 0],
						"2.5": [0, 15, 0],
						"3.0": [0, 0, 0],
						"3.5": [0, 15, 0],
						"4.0": [0, 0, 0]
					}
				},
				"diving_helmet": {
					"scale": 0.01
				},
				"innertube": {
					"scale": 0.01
				},
				"model": {
					"rotation": [22.5, 0, 0],
					"position": [0, 0, 0]
				}
			}
		},
		"animation.paragoomba.air_fly": {
			"loop": true,
			"animation_length": 0.6667,
			"bones": {
				"foot_left": {
					"rotation": [30, 0, 0]
				},
				"foot_right": {
					"rotation": [30, 0, 0]
				},
				"left_wing": {
					"rotation": {
						"0.0": [0, 15, 0],
						"0.1667": [0, -45, 0],
						"0.3333": [0, 15, 0],
						"0.5": [0, -45, 0],
						"0.6667": [0, 15, 0]
					}
				},
				"right_wing": {
					"rotation": {
						"0.0": [0, -15, 0],
						"0.1667": [0, 45, 0],
						"0.3333": [0, -15, 0],
						"0.5": [0, 45, 0],
						"0.6667": [0, -15, 0]
					}
				},
				"2dwl2": {
					"rotation": {
						"0.0": [0, 20, 0],
						"0.1667": [0, 0, 0],
						"0.3333": [0, 20, 0],
						"0.5": [0, 0, 0],
						"0.6667": [0, 20, 0]
					}
				},
				"2dwl3": {
					"rotation": {
						"0.0": [0, 25, 0],
						"0.1667": [0, -5, 0],
						"0.3333": [0, 25, 0],
						"0.5": [0, -5, 0],
						"0.6667": [0, 25, 0]
					}
				},
				"2dwr2": {
					"rotation": {
						"0.0": [0, -20, 0],
						"0.1667": [0, 0, 0],
						"0.3333": [0, -20, 0],
						"0.5": [0, 0, 0],
						"0.6667": [0, -20, 0]
					}
				},
				"2dwr3": {
					"rotation": {
						"0.0": [0, -25, 0],
						"0.1667": [0, 0, 0],
						"0.3333": [0, -25, 0],
						"0.5": [0, 0, 0],
						"0.6667": [0, -25, 0]
					}
				},
				"diving_helmet": {
					"scale": 0.01
				},
				"innertube": {
					"scale": 0.01
				},
				"model": {
					"rotation": [30, 0, 0],
					"position": {
						"0.0": [0, 2, -1],
						"0.1667": [0, -2, 0],
						"0.3333": [0, 2, -1],
						"0.5": [0, -2, 0],
						"0.6667": [0, 2, -1]
					}
				}
			}
		}
	}
}