{
  "implemented": true,
  "name": "redgoomba",
  "nationalPokedexNumber": 64021,
  "primaryType": "normal",
  "secondaryType": "fire",
  "abilities": [
    "klutz",
    "simple",
    "h:adaptability"
  ],
  "baseStats": {
    "hp": 90,
    "attack": 25,
    "defence": 35,
    "special_attack": 35,
    "special_defence": 35,
    "speed": 130
  },
  "behaviour": {
    "resting": {
      "canSleep": true,
      "depth": "normal",
      "light": "0-4",
      "willSleepOnBed": false,
      "times": "night"
    },
    "moving": {
      "canLook": true,
      "walk": {
        "canWalk": true,
        "avoidsLand": false
      },
      "swim": {
        "swimSpeed": 0.3,
        "canSwimInWater": true,
        "canBreatheUnderwater": false
      },
      "fly": {
        "canFly": false,
        "flySpeedHorizontal": 0.3
      },
      "wanderChance": 120
    }
  },
  "catchRate": 125,
  "maleRatio": 0.86,
  "shoulderMountable": false,
  "baseExperienceYield": 100,
  "experienceGroup": "fluctuating",
  "eggCycles": 10,
  "eggGroups": [
    "field"
  ],
  "drops": {
    "amount": 1,
    "entries": [
      {
        "item": "minecraft:leather_boots",
        "quantityRange": "1-1",
        "percentage": 22
      }
    ]
  },



  "moves": [
    "1:tackle",
    "1:leer",
    "1:quickattack",
    "1:bite",
    "1:headbutt",
    "12:sandattack",
    "13:sunnyday",
    "15:astonish",
    "17:firefang",
    "19:mudslap",
    "21:flamecharge",
    "23:flail",
    "25:jumpkick",
    "27:bounce",
    "29:temperflare",
    "31:crunch",
    "33:stompingtantrum",
    "35:bodyslam",
    "37:blazekick",
    "39:doubleedge",
    "41:flareblitz",
    "43:superfang",
    "45:burnup",
    "47:zenheadbutt",
    "49:ragingfury",
    "51:focusenergy",
    "55:endeavor",
    "59:outrage",
    "tm:quickattack",
    "tm:bite",
    "tm:headbutt",
    "tm:sandattack",
    "tm:sunnyday",
    "tm:astonish",
    "tm:firefang",
    "tm:mudslap",
    "tm:flamecharge",
    "tm:flail",
    "tm:jumpkick",
    "tm:bounce",
    "tm:temperflare",
    "tm:crunch",
    "tm:stompingtantrum",
    "tm:bodyslam",
    "tm:blazekick",
    "tm:doubleedge",
    "tm:flareblitz",
    "tm:superfang",
    "tm:burnup",
    "tm:zenheadbutt",
    "tm:ragingfury",
    "tm:focusenergy",
    "tm:endeavor",
    "tm:outrage",
    "tm:jumpkick",
    "tm:takedown",
    "tm:hyperbeam",
    "tm:minimize",
    "tm:bide",
    "tm:swift",
    "tm:skullbash",
    "tm:highjumpkick",
    "tm:hyperfang",
    "tm:scaryface",
    "tm:detect",
    "tm:endure",
    "tm:rollout",
    "tm:swagger",
    "tm:meanlook",
    "tm:hiddenpower",
    "tm:memento",
    "tm:slackoff",
    "tm:lastresort",
    "tm:nastyplot",
    "tm:headsmash",
    "tm:acrobatics",
    "tm:finalgambit",
    "tm:workup",
    "tm:mudsport",
    "tm:acid",
    "tm:thunderfang",
    "tm:icefang",
    "tm:firefang",
    "tm:zenheadbutt",
    "egg:thunderfang",
    "egg:icefang",
    "egg:firefang",
    "egg:zenheadbutt",
    "tutor:thunderfang",
    "tutor:icefang",
    "tutor:firefang",
    "tutor:zenheadbutt",
    "tm:snarl",
    "tm:jawlock",
    "tm:lashout",
    "tm:hyperbeam"
  ],





  "labels": [
    "custom",
    "cobblemario"
  ],
  "pokedex": [
    "cobblemon.species.redgoomba.desc1",
    "cobblemon.species.redgoomba.desc2"
  ],
  "preEvolution": "goomba",
  "baseScale": 1.75,
  "hitbox": {
    "width": 1.25,
    "height": 1.25,
    "fixed": false
  },
  "baseFriendship": 30,
  "evYield": {
    "hp": 1,
    "attack": 0,
    "defence": 0,
    "special_attack": 0,
    "special_defence": 0,
    "speed": 1
  },
  "height": 48,
  "weight": 210,

  "evolutions": [
    {
      "id": "redgoomba-royalgoomba-level_up",
      "variant": "level_up",
      "result": "royalgoomba",
      "consumeHeldItem": false,
      "learnableMoves": ["thrash", "flareblitz"],
      "requirements": [
        {"variant": "level", "minLevel": 45}
      ],
      "requiredContext": ""
    }
  ]


}