{
	"format_version": "1.8.0",
	"animations": {
		"animation.goomba.ground_walk": {
			"loop": true,
			"animation_length": 0.75,
			"bones": {
				"head": {
					"rotation": [15, 0, 0],
					"position": {
						"0.0": [0, 0, 0],
						"0.0833": [0, 2, 0],
						"0.1667": [0, 0, 0],
						"0.3333": [0, 0, 0],
						"0.4167": [0, 2, 0],
						"0.5": [0, 0, 0],
						"0.6667": [0, 0, 0]
					}
				},
				"foot_left": {
					"rotation": {
						"0.0": [0, 0, 0],
						"0.0833": [-45, 0, 0],
						"0.1667": [0, 0, 0],
						"0.4167": [45, 0, 0],
						"0.5": [0, 0, 0],
						"0.6667": [0, 0, 0]
					},
					"position": {
						"0.0": [0, 0, 0],
						"0.0833": [0, 0, -1],
						"0.1667": [0, 0, -2],
						"0.25": [0, 0, -1],
						"0.3333": [0, 0, 0],
						"0.5": [0, 0, 2],
						"0.5833": [0, 0, 1],
						"0.6667": [0, 0, 0]
					}
				},
				"foot_right": {
					"rotation": {
						"0.0": [0, 0, 0],
						"0.0833": [45, 0, 0],
						"0.1667": [0, 0, 0],
						"0.4167": [-45, 0, 0],
						"0.5": [0, 0, 0],
						"0.6667": [0, 0, 0]
					},
					"position": {
						"0.0": [0, 0, 0],
						"0.0833": [0, 0, 1],
						"0.1667": [0, 0, 2],
						"0.25": [0, 0, 1],
						"0.3333": [0, 0, 0],
						"0.5": [0, 0, -2],
						"0.5833": [0, 0, -1],
						"0.6667": [0, 0, 0]
					}
				},
				"body": {
					"rotation": [15, 0, 0],
					"position": {
						"0.0": [0, 0, 0],
						"0.0833": [0, 2, 0],
						"0.1667": [0, 0, 0],
						"0.3333": [0, 0, 0],
						"0.4167": [0, 2, 0],
						"0.5": [0, 0, 0],
						"0.6667": [0, 0, 0]
					}
				}
			}
		},
		"animation.goomba.ground_idle": {
			"loop": true,
			"animation_length": 4,
			"bones": {
				"head": {
					"rotation": {
						"0.0": [0, 0, 0],
						"4.0": [0, 0, 0]
					},
					"position": {
						"0.0": [0, 0, 0],
						"2.0": [0, 0.5, 0],
						"4.0": [0, 0, 0]
					}
				},
				"body": {
					"rotation": {
						"0.0": [0, 0, 0],
						"4.0": [0, 0, 0]
					},
					"position": {
						"0.0": [0, 0, 0],
						"2.0": [0, 0.5, 0],
						"4.0": [0, 0, 0]
					}
				}
			}
		},
		"animation.goomba.faint": {
			"loop": "hold_on_last_frame",
			"animation_length": 5,
			"bones": {
				"head": {
					"rotation": [0, 0, 0],
					"position": {
						"0.0": [0, 0, 0],
						"0.0833": [0, -1, 0],
						"0.1667": [0, -2, 0],
						"0.25": [0, -3, 0],
						"0.3333": [0, -4, 0],
						"0.4167": [0, -5, 0],
						"0.5": [0, -6, 0]
					},
					"scale": {
						"0.0": [1, 1, 1],
						"0.25": [1, 0.9, 1],
						"0.3333": [1, 0.75, 1],
						"0.4167": [1, 0.5, 1],
						"0.5": [1, 0.25, 1]
					}
				},
				"foot_left": {
					"rotation": [0, 0, 0],
					"position": {
						"0.0": [0, 0, 0],
						"0.5": [0, -2, 0]
					},
					"scale": {
						"0.0": [1, 1, 1],
						"0.5": [1, 0.5, 1]
					}
				},
				"foot_right": {
					"rotation": [0, 0, 0],
					"position": {
						"0.0": [0, 0, 0],
						"0.5": [0, -2, 0]
					},
					"scale": {
						"0.0": [1, 1, 1],
						"0.5": [1, 0.5, 1]
					}
				},
				"body": {
					"rotation": [0, 0, 0],
					"position": {
						"0.0": [0, 0, 0],
						"0.0833": [0, -1, 0],
						"0.1667": [0, -2, 0],
						"0.5": [0, -6, 0]
					},
					"scale": {
						"0.0": [1, 1, 1],
						"0.25": [1, 0.9, 1],
						"0.3333": [1, 0.75, 1],
						"0.4167": [1, 0.5, 1],
						"0.5": [1, 0.25, 1]
					}
				}
			}
		},
		"animation.goomba.sleep": {
			"loop": true,
			"animation_length": 4,
			"bones": {
				"head": {
					"rotation": {
						"0.0": [16, 0, 0],
						"2.0": [8, 0, 0],
						"4.0": [16, 0, 0]
					},
					"position": {
						"0.0": [0, 0, 0],
						"2.0": [0, 0.5, 0],
						"4.0": [0, 0, 0]
					}
				},
				"body": {
					"rotation": {
						"0.0": [0, 0, 0],
						"4.0": [0, 0, 0]
					},
					"position": {
						"0.0": [0, 0, 0],
						"2.0": [0, 0.25, 0],
						"4.0": [0, 0, 0]
					}
				},
				"foot_left": {
					"rotation": [0, -15, 0]
				},
				"foot_right": {
					"rotation": [0, 15, 0]
				}
			}
		}
	}
}