{
	"format_version": "1.8.0",
	"animations": {
		"animation.koopa.ground_idle": {
			"loop": true,
			"animation_length": 3,
			"bones": {
				"tail": {
					"rotation": {
						"0.0": [0, 0, 0],
						"1.5": [0, 0, 5],
						"3.0": [0, 0, 0]
					},
					"position": [0, 0, 0]
				},
				"leg1": {
					"rotation": {
						"0.0": [0, 0, 0],
						"0.5": [0, 0, 0]
					},
					"position": [0, 0, 0]
				},
				"arm1": {
					"rotation": {
						"0.0": [45, 0, 0],
						"1.5": [30, 0, 0],
						"3.0": [45, 0, 0]
					},
					"position": [0, 0, 0]
				},
				"forearm1": {
					"rotation": {
						"0.0": [0, -45, -45],
						"1.5": [0, -30, -45],
						"3.0": [0, -45, -45]
					},
					"position": [0, 0, 0]
				},
				"arm2": {
					"rotation": {
						"0.0": [-45, 0, 0],
						"1.5": [-30, 0, 0],
						"3.0": [-45, 0, 0]
					},
					"position": [0, 0, 0]
				},
				"forearm2": {
					"rotation": {
						"0.0": [0, 45, -45],
						"1.5": [0, 30, -45],
						"3.0": [0, 45, -45]
					},
					"position": [0, 0, 0]
				},
				"head": {
					"rotation": {
						"0.0": [0, 0, 0],
						"3.0": [0, 0, 0]
					},
					"position": {
						"0.0": [0, 0, 0],
						"1.5": [0, 0.5, 0],
						"3.0": [0, 0, 0]
					},
					"scale": 1
				},
				"shell": {
					"rotation": [0, 0, 0],
					"position": [0, 0, 0],
					"scale": 1
				},
				"neck": {
					"rotation": [0, 0, 0],
					"position": [0, 0, 0],
					"scale": 1
				}
			}
		},
		"animation.koopa.faint": {
			"loop": "hold_on_last_frame",
			"animation_length": 5,
			"bones": {
				"shell": {
					"rotation": {
						"0.0": [0, 0, 0],
						"0.25": [0, 0, -5],
						"0.3333": [0, 0, -15],
						"0.4167": [0, 0, -30],
						"0.5": [0, 0, -60],
						"0.5833": [0, 0, -90]
					},
					"position": {
						"0.0": [0, 0, 0],
						"0.0833": [0, -1, 0],
						"0.1667": [0, 0, 0],
						"0.25": [0, 0.5, 0],
						"0.3333": [0, 1, 0],
						"0.4167": [0, 1.5, 0],
						"0.5": [0, 2, 0],
						"0.625": [0, 1, 0],
						"0.8333": [0, -10, 0],
						"0.9167": [0, -8, 0],
						"1.0": [0, -10, 0]
					}
				},
				"leg2": {
					"position": {
						"0.0": [0, 0, 0],
						"0.4167": [0, 9, 0],
						"0.5833": [0, 9, 0],
						"0.8333": [0, -1, 0]
					},
					"scale": {
						"0.0": [1, 1, 1],
						"0.4167": [0.25, 0.25, 0.25],
						"0.5833": [0.25, 0.25, 0.25]
					}
				},
				"tail": {
					"position": {
						"0.0": [0, 0, 0],
						"0.4167": [0, 9, 0],
						"0.5833": [0, 9, 0],
						"0.8333": [0, -1, 0]
					},
					"scale": {
						"0.0": [1, 1, 1],
						"0.4167": [0.25, 0.25, 0.25],
						"0.5833": [0.25, 0.25, 0.25]
					}
				},
				"leg1": {
					"position": {
						"0.0": [0, 0, 0],
						"0.4167": [0, 9, 0],
						"0.5833": [0, 9, 0],
						"0.8333": [0, -1, 0]
					},
					"scale": {
						"0.0": [1, 1, 1],
						"0.4167": [0.25, 0.25, 0.25],
						"0.5833": [0.25, 0.25, 0.25]
					}
				},
				"arm1": {
					"position": {
						"0.0": [0, 0, 0],
						"0.4167": [0, 0, 5],
						"0.5833": [0, 0, 5],
						"0.8333": [0, -10, 5]
					},
					"scale": {
						"0.0": [1, 1, 1],
						"0.4167": [0.25, 0.25, 0.25],
						"0.5833": [0.25, 0.25, 0.25]
					}
				},
				"arm2": {
					"position": {
						"0.0": [0, 0, 0],
						"0.4167": [0, 0, -5],
						"0.5833": [0, 0, -5],
						"0.8333": [0, -10, -5]
					},
					"scale": {
						"0.0": [1, 1, 1],
						"0.4167": [0.25, 0.25, 0.25],
						"0.5833": [0.25, 0.25, 0.25]
					}
				},
				"head": {
					"position": {
						"0.0": [0, 0, 0],
						"0.4167": [5, -10, 0],
						"0.5833": [5, -10, 0],
						"0.8333": [5, -20, 0]
					},
					"scale": {
						"0.0": [1, 1, 1],
						"0.4167": [0.25, 0.25, 0.25],
						"0.5833": [0.25, 0.25, 0.25]
					}
				},
				"neck": {
					"position": {
						"0.0": [0, 0, 0],
						"0.4167": [5, -10, 0],
						"0.5833": [5, -10, 0],
						"0.8333": [5, -20, 0]
					},
					"scale": {
						"0.0": [1, 1, 1],
						"0.4167": [0.25, 0.25, 0.25],
						"0.5833": [0.25, 0.25, 0.25]
					}
				}
			}
		},
		"animation.koopa.ground_walk": {
			"loop": true,
			"animation_length": 1,
			"bones": {
				"shell": {
					"rotation": {
						"0.0": [0, 0, 0],
						"1.0": [0, 0, 0]
					},
					"position": {
						"0.0": [0, 0, 0],
						"0.25": [0, 0.5, 0],
						"0.5": [0, 0, 0],
						"0.75": [0, 0.5, 0],
						"1.0": [0, 0, 0]
					},
					"scale": 1
				},
				"leg2": {
					"rotation": {
						"0.0": [0, 0, 0],
						"0.25": [0, 0, -45],
						"0.5": [0, 0, 0],
						"0.75": [0, 0, 45],
						"1.0": [0, 0, 0]
					},
					"position": {
						"0.0": [0, 0, 0],
						"0.5": [0, 0, 0],
						"1.0": [0, 0, 0]
					}
				},
				"tail": {
					"rotation": {
						"0.0": [0, 0, 0],
						"0.25": [0, 0, 5],
						"0.5": [0, 0, 0],
						"0.75": [0, 0, 5],
						"1.0": [0, 0, 0]
					},
					"position": [0, 0, 0]
				},
				"leg1": {
					"rotation": {
						"0.0": [0, 0, 0],
						"0.25": [0, 0, 45],
						"0.5": [0, 0, 0],
						"0.75": [0, 0, -45],
						"1.0": [0, 0, 0]
					},
					"position": {
						"0.0": [0, 0, 0],
						"0.5": [0, 0, 0],
						"1.0": [0, 0, 0]
					}
				},
				"arm1": {
					"rotation": {
						"0.0": [45, 0, 0],
						"0.25": [30, 0, 0],
						"0.5": [45, 0, 0],
						"0.75": [30, 0, 0],
						"1.0": [45, 0, 0]
					},
					"position": [0, 0, 0]
				},
				"arm2": {
					"rotation": {
						"0.0": [-45, 0, 0],
						"0.25": [-30, 0, 0],
						"0.5": [-45, 0, 0],
						"0.75": [-30, 0, 0],
						"1.0": [-45, 0, 0]
					},
					"position": [0, 0, 0]
				},
				"head": {
					"rotation": {
						"0.0": [0, 0, 0],
						"1.0": [0, 0, 0]
					},
					"position": {
						"0.0": [0, 0, 0],
						"0.2917": [0, 0.5, 0],
						"0.5417": [0, 0, 0],
						"0.7917": [0, 0.5, 0],
						"1.0": [0, 0, 0]
					},
					"scale": 1
				},
				"neck": {
					"rotation": {
						"0.0": [0, 0, 0],
						"1.0": [0, 0, 0]
					},
					"position": {
						"0.0": [0, 0, 0],
						"0.25": [0, 0.5, 0],
						"0.5": [0, 0, 0],
						"0.75": [0, 0.5, 0],
						"1.0": [0, 0, 0]
					},
					"scale": 1
				}
			}
		},
		"animation.koopa.sleep": {
			"loop": true,
			"animation_length": 3,
			"bones": {
				"tail": {
					"rotation": {
						"0.0": [0, 0, 15],
						"1.5": [0, 0, 30],
						"3.0": [0, 0, 15]
					},
					"position": [1.5, 0, 0]
				},
				"leg1": {
					"rotation": [0, -15, 0],
					"position": [0, 0, 0]
				},
				"arm1": {
					"rotation": {
						"0.0": [60, 0, 0],
						"1.5": [45, 0, 0],
						"3.0": [60, 0, 0]
					},
					"position": [0, 0, 0]
				},
				"forearm1": {
					"rotation": {
						"0.0": [0, -45, -45],
						"1.5": [0, -30, -45],
						"3.0": [0, -45, -45]
					},
					"position": [0, 0, 0]
				},
				"arm2": {
					"rotation": {
						"0.0": [-60, 0, 0],
						"1.5": [-45, 0, 0],
						"3.0": [-60, 0, 0]
					},
					"position": [0, 0, 0]
				},
				"forearm2": {
					"rotation": {
						"0.0": [0, 45, -45],
						"1.5": [0, 30, -45],
						"3.0": [0, 45, -45]
					},
					"position": [0, 0, 0]
				},
				"head": {
					"rotation": {
						"0.0": [0, 0, -30],
						"1.5": [0, 0, -15],
						"3.0": [0, 0, -30]
					},
					"position": {
						"0.0": [0, 0, 0],
						"1.5": [0, 0.5, 0],
						"3.0": [0, 0, 0]
					},
					"scale": 1
				},
				"shell": {
					"rotation": {
						"0.0": [0, 0, -30],
						"1.5": [0, 0, -15],
						"3.0": [0, 0, -30]
					},
					"position": [0, 0, 0],
					"scale": 1
				},
				"neck": {
					"rotation": {
						"0.0": [0, 0, -30],
						"1.5": [0, 0, -15],
						"3.0": [0, 0, -30]
					},
					"position": [0, 0, 0],
					"scale": 1
				},
				"leg2": {
					"rotation": [0, 15, 0],
					"position": [0, 0, 0]
				}
			}
		}
	}
}