{
	"format_version": "1.12.0",
	"minecraft:geometry": [
		{
			"description": {
				"identifier": "geometry.unknown",
				"texture_width": 128,
				"texture_height": 128,
				"visible_bounds_width": 3,
				"visible_bounds_height": 2.5,
				"visible_bounds_offset": [0, 0.75, 0]
			},
			"bones": [
				{
					"name": "spikedgoomba",
					"pivot": [0, 0, 0]
				},
				{
					"name": "head",
					"parent": "spikedgoomba",
					"pivot": [0, 8, 0],
					"cubes": [
						{"origin": [-8, 6, -8], "size": [16, 4, 16], "uv": [0, 0]},
						{"origin": [-6, 10.5, -6], "size": [12, 6, 12], "uv": [0, 40]},
						{"origin": [-7, 7, -7], "size": [14, 6, 14], "uv": [0, 20]},
						{"origin": [-6, 11, -7], "size": [12, 7, 0], "uv": [36, 40]}
					]
				},
				{
					"name": "spiked_helmet",
					"parent": "head",
					"pivot": [0, 7.5, 1],
					"cubes": [
						{"origin": [-6.5, 11, -6.5], "size": [13, 4, 13], "uv": [0, 108]},
						{"origin": [-3, 15.5, -3], "size": [6, 4, 6], "uv": [14, 115]},
						{"origin": [-2, 18.5, -2], "size": [4, 3, 4], "uv": [18, 117]},
						{"origin": [-0.5, 20.5, -0.5], "size": [1, 3, 1], "uv": [24, 120]},
						{"origin": [-5, 14, -5], "size": [10, 4, 10], "uv": [4, 94]}
					]
				},
				{
					"name": "foot_left",
					"parent": "spikedgoomba",
					"pivot": [6, 0.616, -4.296]
				},
				{
					"name": "heel_left",
					"parent": "foot_left",
					"pivot": [6, 0.616, -2.296],
					"cubes": [
						{"origin": [2, 1, -3], "size": [6, 4, 4], "uv": [48, 47]}
					]
				},
				{
					"name": "arch_left",
					"parent": "foot_left",
					"pivot": [6, 0.616, -4.296],
					"cubes": [
						{"origin": [2, 1, -5], "size": [6, 4, 4], "uv": [48, 47]}
					]
				},
				{
					"name": "loe_left",
					"parent": "foot_left",
					"pivot": [6, 0.616, -6.296],
					"cubes": [
						{"origin": [2, 1, -7], "size": [6, 4, 4], "uv": [48, 47]}
					]
				},
				{
					"name": "foot_right",
					"parent": "spikedgoomba",
					"pivot": [-4, 0.75, 2.4]
				},
				{
					"name": "toe_right",
					"parent": "foot_right",
					"pivot": [-4, 0.75, -1.6],
					"cubes": [
						{"origin": [-8, 0.75, -7], "size": [6, 4, 4], "uv": [42, 20]}
					]
				},
				{
					"name": "arch_right",
					"parent": "foot_right",
					"pivot": [-4, 0.75, 0.4],
					"cubes": [
						{"origin": [-8, 0.75, -5], "size": [6, 4, 4], "uv": [42, 20]}
					]
				},
				{
					"name": "heel_right",
					"parent": "foot_right",
					"pivot": [-4, 0.75, 2.4],
					"cubes": [
						{"origin": [-8, 0.75, -3], "size": [6, 4, 4], "uv": [42, 20]}
					]
				},
				{
					"name": "body",
					"parent": "spikedgoomba",
					"pivot": [0, 8, 0],
					"cubes": [
						{"origin": [-4, 2, -4], "size": [8, 8, 8], "uv": [48, 0]}
					]
				}
			]
		}
	]
}