{
	"format_version": "1.8.0",
	"animations": {
		"animation.paragoomba.ground_walk": {
			"loop": true,
			"animation_length": 0.6667,
			"bones": {
				"foot_left": {
					"rotation": [30, 0, 0]
				},
				"foot_right": {
					"rotation": [30, 0, 0]
				},
				"paragoomba": {
					"rotation": [30, 0, 0],
					"position": {
						"0.0": [0, 18, -1],
						"0.1667": [0, 14, 0],
						"0.3333": [0, 18, -1],
						"0.5": [0, 14, 0],
						"0.6667": [0, 18, -1]
					}
				},
				"left_wing": {
					"rotation": {
						"0.0": [0, 22.5, 0],
						"0.1667": [0, -45, 0],
						"0.3333": [0, 22.5, 0],
						"0.5": [0, -45, 0],
						"0.6667": [0, 22.5, 0]
					}
				},
				"right_wing": {
					"rotation": {
						"0.0": [0, -22.5, 0],
						"0.1667": [0, 45, 0],
						"0.3333": [0, -22.5, 0],
						"0.5": [0, 45, 0],
						"0.6667": [0, -22.5, 0]
					}
				}
			}
		},
		"animation.paragoomba.ground_idle": {
			"loop": true,
			"animation_length": 4,
			"bones": {
				"head": {
					"rotation": {
						"0.0": [0, 0, 0],
						"4.0": [0, 0, 0]
					},
					"position": {
						"0.0": [0, 0, 0],
						"2.0": [0, 0.5, 0],
						"4.0": [0, 0, 0]
					}
				},
				"body": {
					"rotation": {
						"0.0": [0, 0, 0],
						"4.0": [0, 0, 0]
					},
					"position": {
						"0.0": [0, 0, 0],
						"2.0": [0, 0.5, 0],
						"4.0": [0, 0, 0]
					}
				},
				"paraparagoomba": {
					"rotation": [22.5, 0, 0]
				},
				"foot_left": {
					"rotation": [30, 0, 0],
					"position": {
						"0.0": [0, 0, 0],
						"2.0": [0, 0.5, 0],
						"4.0": [0, 0, 0]
					}
				},
				"foot_right": {
					"rotation": [30, 0, 0],
					"position": {
						"0.0": [0, 0, 0],
						"2.0": [0, 0.5, 0],
						"4.0": [0, 0, 0]
					}
				},
				"left_wing": {
					"rotation": {
						"0.0": [0, -30, 0],
						"0.5": [0, 15, 0],
						"1.0": [0, -45, 0],
						"1.5": [0, 15, 0],
						"2.0": [0, -30, 0],
						"2.5": [0, 10, 0],
						"3.0": [0, -30, 0],
						"3.5": [0, 10, 0],
						"4.0": [0, -30, 0]
					}
				},
				"right_wing": {
					"rotation": {
						"0.0": [0, 30, 0],
						"0.5": [0, -15, 0],
						"1.0": [0, 45, 0],
						"1.5": [0, -15, 0],
						"2.0": [0, 30, 0],
						"2.5": [0, -10, 0],
						"3.0": [0, 30, 0],
						"3.5": [0, -10, 0],
						"4.0": [0, 30, 0]
					}
				},
				"paragoomba": {
					"rotation": [22.5, 0, 0],
					"position": [0, 16, 0]
				}
			}
		},
		"animation.paragoomba.faint": {
			"loop": "hold_on_last_frame",
			"animation_length": 5,
			"bones": {
				"paragoomba": {
					"rotation": {
						"0.0": [22.5, 0, 0],
						"0.75": [22.5, 0, 0],
						"1.0": [0, 0, 0]
					},
					"position": {
						"0.0": [0, 16, 0],
						"0.75": [0, 16, 0],
						"1.0": [0, 0, 0],
						"1.1667": [0, -7, 0]
					},
					"scale": {
						"0.0": [1, 1, 1],
						"1.0833": [1, 1, 1],
						"1.1667": [1, 0.2, 1]
					}
				},
				"wings": {
					"rotation": [0, 0, 0],
					"position": [0, 0, 0],
					"scale": {
						"0.0": [1, 1, 1],
						"0.0833": [0, 0, 0],
						"0.1667": [1, 1, 1],
						"0.25": [0, 0, 0],
						"0.3333": [1, 1, 1],
						"0.4167": [0, 0, 0],
						"0.5": [1, 1, 1],
						"0.5833": [0, 0, 0],
						"0.6667": [0, 0, 0],
						"0.75": [0, 0, 0]
					}
				}
			}
		},
		"animation.paragoomba.sleep": {
			"loop": true,
			"animation_length": 4.2,
			"bones": {
				"head": {
					"rotation": {
						"0.0": [16, 0, 0],
						"2.0": [8, 0, 0],
						"4.0": [16, 0, 0]
					},
					"position": {
						"0.0": [0, 0, 0],
						"4.0": [0, 0, 0]
					}
				},
				"body": {
					"rotation": {
						"0.0": [0, 0, 0],
						"4.0": [0, 0, 0]
					},
					"position": {
						"0.0": [0, 0, 0],
						"2.0": [0, 0.25, 0],
						"4.0": [0, 0, 0]
					}
				},
				"foot_left": {
					"rotation": [45, -15, 0]
				},
				"foot_right": {
					"rotation": [45, 15, 0]
				},
				"paragoomba": {
					"position": {
						"0.0": [0, 16, 0],
						"2.0": [0, 14, 0],
						"4.0": [0, 16, 0]
					}
				},
				"left_wing": {
					"rotation": {
						"0.0": [0, -10, 0],
						"0.5": [0, 5, 0],
						"1.0": [0, -10, 0],
						"1.5": [0, 5, 0],
						"2.0": [0, -10, 0],
						"2.5": [0, 5, 0],
						"3.0": [0, -10, 0],
						"3.5": [0, 5, 0],
						"4.0": [0, -10, 0]
					}
				},
				"right_wing": {
					"rotation": {
						"0.0": [0, 10, 0],
						"0.5": [0, -5, 0],
						"1.0": [0, 10, 0],
						"1.5": [0, -5, 0],
						"2.0": [0, 10, 0],
						"2.4": [-0.10661, -1.00811, 4.8962],
						"2.5": [0, -5, 0],
						"3.0": [0, 10, 0],
						"3.5": [0, -5, 0],
						"4.0": [0, 10, 0]
					}
				}
			}
		}
	}
}