{
	"format_version": "1.8.0",
	"animations": {
		"animation.goomba.ground_walk": {
			"loop": true,
			"animation_length": 1.7778,
			"bones": {
				"head": {
					"rotation": [15, 0, 0],
					"position": {
						"0.0": [0, 0, 0],
						"0.2222": [0, 1.5, 0],
						"0.3333": [0, 2, 0],
						"0.4444": [0, 0, 0],
						"0.6667": [0, 1.5, 0],
						"0.7778": [0, 2, 0],
						"0.8889": [0, 0, 0],
						"1.1111": [0, 1.5, 0],
						"1.2222": [0, 2, 0],
						"1.3333": [0, 0, 0],
						"1.5556": [0, 1.5, 0],
						"1.6667": [0, 2, 0],
						"1.7778": [0, 0, 0]
					}
				},
				"foot_left": {
					"rotation": {
						"0.0": [0, 0, 0],
						"0.1111": [0, 0, 0],
						"0.2222": [-5, 0, 0],
						"0.4444": [0, 0, 0],
						"0.6667": [15, 0, 0],
						"0.8889": [0, 0, 0],
						"1.0": [0, 0, 0],
						"1.1111": [-5, 0, 0],
						"1.3333": [0, 0, 0],
						"1.5556": [15, 0, 0],
						"1.7778": [0, 0, 0]
					},
					"position": {
						"0.0": [0, 0, 0],
						"0.1111": [0, 0, 0],
						"0.2222": [0, 1, -1],
						"0.4444": [0, 0, 0],
						"0.6667": [0, 2, 3],
						"0.8889": [0, 0, 0],
						"1.0": [0, 0, 0],
						"1.1111": [0, 1, -1],
						"1.3333": [0, 0, 0],
						"1.5556": [0, 2, 3],
						"1.7778": [0, 0, 0]
					}
				},
				"foot_right": {
					"rotation": {
						"0.0": [0, 0, 0],
						"0.2222": [15, 0, 0],
						"0.4444": [0, 0, 0],
						"0.5556": [0, 0, 0],
						"0.6667": [-5, 0, 0],
						"0.8889": [0, 0, 0],
						"1.1111": [15, 0, 0],
						"1.3333": [0, 0, 0],
						"1.4444": [0, 0, 0],
						"1.5556": [-5, 0, 0],
						"1.7778": [0, 0, 0]
					},
					"position": {
						"0.0": [0, 0, 0],
						"0.2222": [0, 2, 3],
						"0.4444": [0, 0, 0],
						"0.5556": [0, 0, 0],
						"0.6667": [0, 1, -1],
						"0.8889": [0, 0, 0],
						"1.1111": [0, 2, 3],
						"1.3333": [0, 0, 0],
						"1.4444": [0, 0, 0],
						"1.5556": [0, 1, -1],
						"1.7778": [0, 0, 0]
					}
				},
				"body": {
					"rotation": [15, 0, 0],
					"position": {
						"0.0": [0, 0, 0],
						"0.2222": [0, 1.5, 0],
						"0.3333": [0, 2, 0],
						"0.4444": [0, 0, 0],
						"0.6667": [0, 1.5, 0],
						"0.7778": [0, 2, 0],
						"0.8889": [0, 0, 0],
						"1.1111": [0, 1.5, 0],
						"1.2222": [0, 2, 0],
						"1.3333": [0, 0, 0],
						"1.5556": [0, 1.5, 0],
						"1.6667": [0, 2, 0],
						"1.7778": [0, 0, 0]
					}
				},
				"crown": {
					"scale": 0.75
				},
				"heel_left": {
					"rotation": {
						"0.4444": [0, 0, 0],
						"0.6667": [15, 0, 0],
						"0.8889": [0, 0, 0],
						"1.3333": [0, 0, 0],
						"1.5556": [15, 0, 0],
						"1.7778": [0, 0, 0]
					},
					"position": {
						"0.4444": [0, 0, 0],
						"0.8889": [0, 0, 0],
						"1.3333": [0, 0, 0],
						"1.7778": [0, 0, 0]
					}
				},
				"arch_left": {
					"rotation": {
						"0.4444": [0, 0, 0],
						"0.6667": [-5, 0, 0],
						"0.8889": [0, 0, 0],
						"1.3333": [0, 0, 0],
						"1.5556": [-5, 0, 0],
						"1.7778": [0, 0, 0]
					},
					"position": {
						"0.4444": [0, 0, 0],
						"0.8889": [0, 0, 0],
						"1.3333": [0, 0, 0],
						"1.7778": [0, 0, 0]
					}
				},
				"loe_left": {
					"rotation": {
						"0.4444": [0, 0, 0],
						"0.6667": [-15, 0, 0],
						"0.8889": [0, 0, 0],
						"1.3333": [0, 0, 0],
						"1.5556": [-7.5, 0, 0],
						"1.7778": [0, 0, 0]
					},
					"position": {
						"0.4444": [0, 0, 0],
						"0.8889": [0, 0, 0],
						"1.3333": [0, 0, 0],
						"1.7778": [0, 0, 0]
					}
				},
				"toe_right": {
					"rotation": {
						"0.0": [0, 0, 0],
						"0.2222": [-7.5, 0, 0],
						"0.4444": [0, 0, 0],
						"0.8889": [0, 0, 0],
						"1.1111": [-7.5, 0, 0],
						"1.3333": [0, 0, 0]
					},
					"position": {
						"0.0": [0, 0, 0],
						"0.4444": [0, 0, 0],
						"0.8889": [0, 0, 0],
						"1.3333": [0, 0, 0]
					}
				},
				"arch_right": {
					"rotation": {
						"0.0": [0, 0, 0],
						"0.2222": [-5, 0, 0],
						"0.4444": [0, 0, 0],
						"0.8889": [0, 0, 0],
						"1.1111": [-5, 0, 0],
						"1.3333": [0, 0, 0]
					},
					"position": {
						"0.0": [0, 0, 0],
						"0.4444": [0, 0, 0],
						"0.8889": [0, 0, 0],
						"1.3333": [0, 0, 0]
					}
				},
				"heel_right": {
					"rotation": {
						"0.0": [0, 0, 0],
						"0.2222": [15, 0, 0],
						"0.4444": [0, 0, 0],
						"0.8889": [0, 0, 0],
						"1.1111": [15, 0, 0],
						"1.3333": [0, 0, 0]
					},
					"position": {
						"0.0": [0, 0, 0],
						"0.4444": [0, 0, 0],
						"0.8889": [0, 0, 0],
						"1.3333": [0, 0, 0]
					}
				},
				"diving_helmet": {
					"scale": 0.01
				},
				"innertube": {
					"scale": 0.01
				}
			}
		},
		"animation.goomba.ground_idle": {
			"loop": true,
			"animation_length": 4,
			"bones": {
				"head": {
					"rotation": {
						"0.0": [0, 0, 0],
						"4.0": [0, 0, 0]
					},
					"position": {
						"0.0": [0, 0, 0],
						"2.0": [0, 0.5, 0],
						"4.0": [0, 0, 0]
					}
				},
				"body": {
					"rotation": {
						"0.0": [0, 0, 0],
						"4.0": [0, 0, 0]
					},
					"position": {
						"0.0": [0, 0, 0],
						"2.0": [0, 0.5, 0],
						"4.0": [0, 0, 0]
					}
				},
				"jaw": {
					"rotation": {
						"0.0": [0, 0, 0],
						"2.0": ["math.clamp(5*math.sin(100*q.anim_time), 0, 10)", 0, 0],
						"4.0": [0, 0, 0]
					},
					"position": {
						"0.0": [0, 0, 0],
						"4.0": [0, 0, 0]
					}
				},
				"diving_helmet": {
					"scale": 0.01
				},
				"innertube": {
					"scale": 0.01
				}
			}
		},
		"animation.goomba.surfacewater_idle": {
			"loop": true,
			"animation_length": 4,
			"bones": {
				"head": {
					"rotation": {
						"0.0": [0, 0, 0],
						"4.0": [0, 0, 0]
					},
					"position": {
						"0.0": [0, 0, 0],
						"2.0": [0, 0.5, 0],
						"4.0": [0, 0, 0]
					}
				},
				"body": {
					"rotation": {
						"0.0": [0, 0, 0],
						"4.0": [0, 0, 0]
					},
					"position": {
						"0.0": [0, 0, 0],
						"2.0": [0, 0.5, 0],
						"4.0": [0, 0, 0]
					}
				},
				"jaw": {
					"rotation": {
						"0.0": [0, 0, 0],
						"2.0": ["math.clamp(5*math.sin(100*q.anim_time), 0, 10)", 0, 0],
						"4.0": [0, 0, 0]
					},
					"position": {
						"0.0": [0, 0, 0],
						"4.0": [0, 0, 0]
					}
				},
				"goomba": {
					"position": [0, -3, 0]
				},
				"diving_helmet": {
					"scale": 0.01
				},
				"innertube": {
					"scale": 1.25
				},
				"foot_left": {
					"rotation": ["(8*math.sin(q.anim_time*110))+45", 0, 0],
					"position": [0, -1, 0]
				},
				"foot_right": {
					"rotation": ["(8*math.sin(q.anim_time*90))+45", 0, 0],
					"position": [0, -1, 0]
				}
			}
		},
		"animation.goomba.surfacewater_swim": {
			"loop": true,
			"animation_length": 4,
			"bones": {
				"head": {
					"rotation": {
						"0.0": [12.5, 0, 0],
						"4.0": [12.5, 0, 0]
					},
					"position": [0, "(1*math.sin(q.anim_time*500))", 0]
				},
				"body": {
					"rotation": {
						"0.0": [7.5, 0, 0],
						"4.0": [7.5, 0, 0]
					},
					"position": [0, "(1*math.sin(q.anim_time*500))", 0]
				},
				"jaw": {
					"rotation": {
						"0.0": [0, 0, 0],
						"2.0": ["math.clamp(5*math.sin(100*q.anim_time), 0, 10)", 0, 0],
						"4.0": [0, 0, 0]
					},
					"position": {
						"0.0": [0, 0, 0],
						"4.0": [0, 0, 0]
					}
				},
				"goomba": {
					"position": [0, -3, 0]
				},
				"diving_helmet": {
					"scale": 0.01
				},
				"innertube": {
					"rotation": {
						"0.0": [-7.5, 0, 0],
						"4.0": [-7.5, 0, 0]
					},
					"position": [0, "-(0.5*math.sin(q.anim_time*500))", 0],
					"scale": 1.25
				},
				"foot_left": {
					"rotation": ["(16*math.sin(q.anim_time*500))+57.5", 0, 0],
					"position": [0, "(1*math.sin(q.anim_time*500))-1", 1]
				},
				"foot_right": {
					"rotation": ["(16*math.sin((q.anim_time*500)-180))+57.5", 0, 0],
					"position": [0, "(1*math.sin(q.anim_time*500))-1", 1]
				}
			}
		},
		"animation.goomba.water_idle": {
			"loop": true,
			"animation_length": 4,
			"bones": {
				"head": {
					"rotation": {
						"0.0": [0, 0, 0],
						"4.0": [0, 0, 0]
					},
					"position": {
						"0.0": [0, 0, 0],
						"2.0": [0, 0.5, 0],
						"4.0": [0, 0, 0]
					}
				},
				"body": {
					"rotation": {
						"0.0": [0, 0, 0],
						"4.0": [0, 0, 0]
					},
					"position": {
						"0.0": [0, 0, 0],
						"2.0": [0, 0.5, 0],
						"4.0": [0, 0, 0]
					}
				},
				"jaw": {
					"rotation": {
						"0.0": [0, 0, 0],
						"2.0": ["math.clamp(5*math.sin(100*q.anim_time), 0, 10)", 0, 0],
						"4.0": [0, 0, 0]
					},
					"position": {
						"0.0": [0, 0, 0],
						"4.0": [0, 0, 0]
					}
				},
				"innertube": {
					"scale": 0.01
				},
				"foot_left": {
					"rotation": ["(8*math.sin(q.anim_time*110))+45", 0, 0],
					"position": [0, -1, 0]
				},
				"foot_right": {
					"rotation": ["(8*math.sin(q.anim_time*90))+45", 0, 0],
					"position": [0, -1, 0]
				}
			}
		},
		"animation.goomba.water_swim": {
			"loop": true,
			"animation_length": 4,
			"bones": {
				"head": {
					"rotation": [30, 0, 0],
					"position": [0, "(0.5*math.sin(q.anim_time*500))", 0]
				},
				"body": {
					"rotation": [30, 0, 0],
					"position": [0, "(0.5*math.sin(q.anim_time*500))", 0]
				},
				"jaw": {
					"rotation": {
						"0.0": [0, 0, 0],
						"2.0": ["math.clamp(5*math.sin(100*q.anim_time), 0, 10)", 0, 0],
						"4.0": [0, 0, 0]
					},
					"position": {
						"0.0": [0, 0, 0],
						"4.0": [0, 0, 0]
					}
				},
				"innertube": {
					"rotation": [-7.5, 0, 0],
					"scale": 0.01
				},
				"foot_left": {
					"rotation": ["(32*math.sin(q.anim_time*500))+75", 0, 0],
					"position": [0, "(0.5*math.sin(q.anim_time*500))-1", 3]
				},
				"foot_right": {
					"rotation": ["(32*math.sin((q.anim_time*500)-180))+75", 0, 0],
					"position": [0, "(0.5*math.sin(q.anim_time*500))-1", 3]
				}
			}
		},
		"animation.goomba.faint": {
			"loop": "hold_on_last_frame",
			"animation_length": 4,
			"bones": {
				"head": {
					"rotation": [0, 0, 0],
					"position": {
						"0.0": [0, 0, 0],
						"0.0667": [0, -1, 0],
						"0.1333": [0, -2, 0],
						"0.2": [0, -3, 0],
						"0.2667": [0, -4, 0],
						"0.3333": [0, -5, 0],
						"0.4": [0, -6, 0]
					},
					"scale": {
						"0.0": [1, 1, 1],
						"0.2": [1, 0.9, 1],
						"0.2667": [1, 0.75, 1],
						"0.3333": [1, 0.5, 1],
						"0.4": [1, 0.25, 1]
					}
				},
				"foot_left": {
					"rotation": [0, 0, 0],
					"position": {
						"0.0": [0, 0, 0],
						"0.4": [0, -2, 0]
					},
					"scale": {
						"0.0": [1, 1, 1],
						"0.4": [1, 0.5, 1]
					}
				},
				"foot_right": {
					"rotation": [0, 0, 0],
					"position": {
						"0.0": [0, 0, 0],
						"0.4": [0, -2, 0]
					},
					"scale": {
						"0.0": [1, 1, 1],
						"0.4": [1, 0.5, 1]
					}
				},
				"body": {
					"rotation": [0, 0, 0],
					"position": {
						"0.0": [0, 0, 0],
						"0.0667": [0, -1, 0],
						"0.1333": [0, -2, 0],
						"0.4": [0, -6, 0]
					},
					"scale": {
						"0.0": [1, 1, 1],
						"0.2": [1, 0.9, 1],
						"0.2667": [1, 0.75, 1],
						"0.3333": [1, 0.5, 1],
						"0.4": [1, 0.25, 1]
					}
				},
				"crown": {
					"scale": 0.75
				},
				"helmet": {
					"rotation": [0, 0, 0],
					"position": {
						"0.0": [0, 0, 0],
						"0.2": [0, 0, 0],
						"0.2667": [0, -1.33, 0],
						"0.3333": [0, -4.67, 0],
						"0.4": [0, -16, 0]
					},
					"scale": {
						"0.0": [1, 1, 1],
						"0.2": [1, 1.11, 1],
						"0.2667": [1, 1.34, 1],
						"0.3333": [1, 2, 1],
						"0.4": [1, 4, 1]
					}
				},
				"diving_helmet": {
					"scale": 0.01
				},
				"innertube": {
					"scale": 0.01
				}
			}
		},
		"animation.goomba.sleep": {
			"loop": true,
			"animation_length": 4,
			"bones": {
				"head": {
					"rotation": {
						"0.0": [16, 0, 0],
						"2.0": [8, 0, 0],
						"4.0": [16, 0, 0]
					},
					"position": {
						"0.0": [0, 0, 0],
						"2.0": [0, 0.5, 0],
						"4.0": [0, 0, 0]
					}
				},
				"body": {
					"rotation": {
						"0.0": [0, 0, 0],
						"4.0": [0, 0, 0]
					},
					"position": {
						"0.0": [0, 0, 0],
						"2.0": [0, 0.25, 0],
						"4.0": [0, 0, 0]
					}
				},
				"foot_left": {
					"rotation": [0, -15, 0]
				},
				"foot_right": {
					"rotation": [0, 15, 0]
				},
				"crown": {
					"scale": 0.75
				},
				"lbel": {
					"position": [0, 2, 0]
				},
				"rbel": {
					"position": [0, 2, 0]
				},
				"ltelt": {
					"position": [0, -0.5, 0]
				},
				"ltelb": {
					"position": [0, -1.5, 0]
				},
				"rtelt": {
					"position": [0, -0.5, 0]
				},
				"rtelb": {
					"position": [0, -1.5, 0]
				},
				"jaw": {
					"rotation": {
						"0.0": [0, 0, 0],
						"2.0": ["math.clamp(5*math.sin(100*q.anim_time), 0, 10)", 0, 0],
						"4.0": [0, 0, 0]
					}
				},
				"lbelb": {
					"position": [0, -1, 0]
				},
				"rebelb": {
					"position": [0, -1, 0]
				},
				"left_eyebrow": {
					"rotation": {
						"0.0": [0, 0, 0],
						"2.0": [0, 0, "math.clamp(math.sin(q.anim_time)*100, 0, 15)"],
						"4.0": [0, 0, 0]
					},
					"position": {
						"0.0": [0, 0, 0],
						"4.0": [0, 0, 0]
					}
				},
				"right_eyebrow": {
					"rotation": {
						"0.0": [0, 0, 0],
						"2.0": [0, 0, "0-math.clamp(math.sin(q.anim_time)*100, 0, 15)"],
						"4.0": [0, 0, 0]
					},
					"position": {
						"0.0": [0, 0, 0],
						"4.0": [0, 0, 0]
					}
				},
				"diving_helmet": {
					"scale": 0.01
				},
				"innertube": {
					"scale": 0.01
				}
			}
		},
		"animation.goomba.physical": {
			"animation_length": 1,
			"bones": {
				"head": {
					"rotation": {
						"0.0": [0, 0, 0],
						"0.2222": [-7.5, 0, 0],
						"0.3889": [0, 0, 0],
						"0.5": [5, 0, 0],
						"0.6111": [0, 0, 0]
					},
					"position": {
						"0.0": [0, 0, 0],
						"0.2222": [0, 0, 1],
						"0.3889": [0, 0, -1],
						"0.5": [0, 0, -1],
						"0.5556": [0, 0, 0],
						"0.6111": [0, 0, 0]
					}
				},
				"foot_left": {
					"rotation": [0, -15, 0],
					"position": [0, 0, -1]
				},
				"foot_right": {
					"rotation": [0, 15, 0],
					"position": [0, 0, -1]
				},
				"body": {
					"rotation": {
						"0.0": [0, 0, 0],
						"0.2222": [-5, 0, 0],
						"0.3889": [2.5, 0, 0],
						"0.5": [7.5, 0, 0],
						"0.5556": [2.5, 0, 0],
						"0.6111": [0, 0, 0]
					},
					"position": [0, 0, 0]
				},
				"jaw": {
					"rotation": {
						"0.0": [0, 0, 0],
						"0.2222": [10, 0, 0],
						"0.3889": [20, 0, 0],
						"0.5": {
							"pre": [20, 0, 0],
							"post": [0, 0, 0]
						}
					},
					"position": {
						"0.0": [0, 0, 0],
						"0.3889": [0, 0, -0.75],
						"0.5": [0, 0, -0.75],
						"0.5556": {
							"pre": [0, 0, -1],
							"post": [0, 0, -1],
							"lerp_mode": "catmullrom"
						},
						"0.6111": {
							"post": [0, 0, 0],
							"lerp_mode": "catmullrom"
						}
					}
				},
				"left_eyebrow": {
					"rotation": [0, 0, 15],
					"position": [0, -0.5, 0]
				},
				"right_eyebrow": {
					"rotation": [0, 0, -15],
					"position": [0, -0.5, 0]
				},
				"diving_helmet": {
					"scale": 0.01
				},
				"innertube": {
					"scale": 0.01
				}
			}
		},
		"animation.goomba.special": {
			"animation_length": 1,
			"bones": {
				"head": {
					"rotation": {
						"0.0": [0, 0, 0],
						"0.125": {
							"pre": [-10, 0, 0],
							"post": [-10, 0, 0],
							"lerp_mode": "catmullrom"
						},
						"0.5": {
							"post": [-10, 0, 0],
							"lerp_mode": "catmullrom"
						},
						"0.75": {
							"post": [0, 0, 0],
							"lerp_mode": "catmullrom"
						},
						"1.0": [0, 0, 0]
					},
					"position": {
						"0.0": [0, 0, 0],
						"0.125": [0, 0, -1],
						"1.0": [0, 0, 0]
					}
				},
				"jaw": {
					"rotation": {
						"0.0": [0, 0, 0],
						"0.0417": [0, 0, 0],
						"0.125": {
							"pre": [15, 0, 0],
							"post": [15, 0, 0],
							"lerp_mode": "catmullrom"
						},
						"0.2917": {
							"post": [45, 0, 0],
							"lerp_mode": "catmullrom"
						},
						"0.5": {
							"post": [20, 0, 0],
							"lerp_mode": "catmullrom"
						},
						"0.75": {
							"post": [2, 0, 0],
							"lerp_mode": "catmullrom"
						},
						"0.875": {
							"post": [0, 0, 0],
							"lerp_mode": "catmullrom"
						},
						"1.0": [0, 0, 0]
					}
				},
				"diving_helmet": {
					"scale": 0.01
				},
				"innertube": {
					"scale": 0.01
				},
				"left_eyebrow": {
					"rotation": [0, 0, 15],
					"position": [0, -0.5, 0]
				},
				"right_eyebrow": {
					"rotation": [0, 0, -15],
					"position": [0, -0.5, 0]
				},
				"body": {
					"position": {
						"0.0": [0, 0, 0],
						"0.125": [0, 0, -0.5],
						"1.0": [0, 0, 0]
					}
				},
				"foot_left": {
					"rotation": [0, -15, 0],
					"position": [0, 0, -1]
				},
				"foot_right": {
					"rotation": [0, 15, 0],
					"position": [0, 0, -1]
				}
			}
		},
		"animation.goomba.status": {
			"animation_length": 1,
			"bones": {
				"head": {
					"rotation": {
						"0.0": [0, 0, 0],
						"0.125": {
							"pre": [-10, 0, 0],
							"post": [-10, 0, 0],
							"lerp_mode": "catmullrom"
						},
						"0.625": {
							"post": [-10, 0, 0],
							"lerp_mode": "catmullrom"
						},
						"0.875": {
							"post": [0, 0, 0],
							"lerp_mode": "catmullrom"
						},
						"1.0": [0, 0, 0]
					}
				},
				"jaw": {
					"rotation": {
						"0.0": [0, 0, 0],
						"0.0417": [0, 0, 0],
						"0.125": {
							"pre": [10, 0, 0],
							"post": [10, 0, 0],
							"lerp_mode": "catmullrom"
						},
						"0.2917": {
							"post": [20, 0, 0],
							"lerp_mode": "catmullrom"
						},
						"0.5": {
							"post": [15, 0, 0],
							"lerp_mode": "catmullrom"
						},
						"0.75": {
							"post": [2, 0, 0],
							"lerp_mode": "catmullrom"
						},
						"0.875": {
							"post": [0, 0, 0],
							"lerp_mode": "catmullrom"
						},
						"1.0": [0, 0, 0]
					}
				},
				"diving_helmet": {
					"scale": 0.01
				},
				"innertube": {
					"scale": 0.01
				},
				"left_eyebrow": {
					"rotation": [0, 0, -5]
				},
				"right_eyebrow": {
					"rotation": [0, 0, 5]
				},
				"foot_left": {
					"rotation": [0, -15, 0],
					"position": [0, 0, -1]
				},
				"foot_right": {
					"rotation": [0, 15, 0],
					"position": [0, 0, -1]
				}
			}
		},
		"animation.goomba.blink": {
			"animation_length": 0.3333,
			"bones": {
				"ltelt": {
					"rotation": {
						"0.0": [0, 0, 0],
						"0.2917": [0, 0, 0]
					},
					"position": {
						"0.0": [0, 0, 0],
						"0.125": [0, -0.5, 0],
						"0.1667": [0, -0.5, 0],
						"0.2917": [0, 0, 0]
					}
				},
				"ltelb": {
					"rotation": {
						"0.0": [0, 0, 0],
						"0.2917": [0, 0, 0]
					},
					"position": {
						"0.0": [0, 0, 0],
						"0.125": [0, -1.5, 0],
						"0.1667": [0, -1.5, 0],
						"0.2917": [0, 0, 0]
					}
				},
				"rtelt": {
					"rotation": {
						"0.0": [0, 0, 0],
						"0.2917": [0, 0, 0]
					},
					"position": {
						"0.0": [0, 0, 0],
						"0.125": [0, -0.5, 0],
						"0.1667": [0, -0.5, 0],
						"0.2917": [0, 0, 0]
					}
				},
				"rtelb": {
					"rotation": {
						"0.0": [0, 0, 0],
						"0.2917": [0, 0, 0]
					},
					"position": {
						"0.0": [0, 0, 0],
						"0.125": [0, -1.5, 0],
						"0.1667": [0, -1.5, 0],
						"0.2917": [0, 0, 0]
					}
				},
				"jaw": {
					"rotation": {
						"0.0": [0, 0, 0],
						"0.125": [-1, 0, 0],
						"0.1667": [-1, 0, 0],
						"0.2917": [0, 0, 0]
					},
					"position": {
						"0.0": [0, 0, 0],
						"0.2917": [0, 0, 0]
					}
				},
				"lbelt": {
					"rotation": {
						"0.0": [0, 0, 0],
						"0.2917": [0, 0, 0]
					},
					"position": {
						"0.0": [0, 0, 0],
						"0.125": [0, 2, 0],
						"0.1667": [0, 2, 0],
						"0.2917": [0, 0, 0]
					}
				},
				"lbelb": {
					"rotation": {
						"0.0": [0, 0, 0],
						"0.2917": [0, 0, 0]
					},
					"position": {
						"0.0": [0, 0, 0],
						"0.125": [0, 1, 0],
						"0.1667": [0, 1, 0],
						"0.2917": [0, 0, 0]
					}
				},
				"rbelt": {
					"rotation": {
						"0.0": [0, 0, 0],
						"0.2917": [0, 0, 0]
					},
					"position": {
						"0.0": [0, 0, 0],
						"0.125": [0, 2, 0],
						"0.1667": [0, 2, 0],
						"0.2917": [0, 0, 0]
					}
				},
				"rebelb": {
					"rotation": {
						"0.0": [0, 0, 0],
						"0.2917": [0, 0, 0]
					},
					"position": {
						"0.0": [0, 0, 0],
						"0.125": [0, 1, 0],
						"0.1667": [0, 1, 0],
						"0.2917": [0, 0, 0]
					}
				},
				"left_eyebrow": {
					"rotation": {
						"0.0": [0, 0, 0],
						"0.125": [0, 0, "2.5+twitchinga"],
						"0.1667": [0, 0, "2.5+twitchinga"],
						"0.2917": [0, 0, 0]
					},
					"position": {
						"0.0": [0, 0, 0],
						"0.2917": [0, 0, 0]
					}
				},
				"right_eyebrow": {
					"rotation": {
						"0.0": [0, 0, 0],
						"0.125": [0, 0, "-2.5-twitchinga"],
						"0.1667": [0, 0, "-2.5-twitchinga"],
						"0.2917": [0, 0, 0]
					},
					"position": {
						"0.0": [0, 0, 0],
						"0.2917": [0, 0, 0]
					}
				}
			}
		},
		"animation.goomba.cry": {
			"animation_length": 1,
			"bones": {
				"head": {
					"rotation": {
						"0.0": [0, 0, 0],
						"0.0833": {
							"pre": [-10, 0, 0],
							"post": [-10, 0, 0],
							"lerp_mode": "catmullrom"
						},
						"0.3333": {
							"post": [-10.59, 0, 0],
							"lerp_mode": "catmullrom"
						},
						"0.5": {
							"post": [-3.55, 0, 0],
							"lerp_mode": "catmullrom"
						},
						"0.75": {
							"post": [0, 0, 0],
							"lerp_mode": "catmullrom"
						},
						"1.0": [0, 0, 0]
					}
				},
				"jaw": {
					"rotation": {
						"0.0": [0, 0, 0],
						"0.0417": [0, 0, 0],
						"0.125": {
							"pre": [10, 0, 0],
							"post": [10, 0, 0],
							"lerp_mode": "catmullrom"
						},
						"0.2917": {
							"post": [20, 0, 0],
							"lerp_mode": "catmullrom"
						},
						"0.5": {
							"post": [15, 0, 0],
							"lerp_mode": "catmullrom"
						},
						"0.75": {
							"post": [2, 0, 0],
							"lerp_mode": "catmullrom"
						},
						"0.875": {
							"post": [0, 0, 0],
							"lerp_mode": "catmullrom"
						},
						"1.0": [0, 0, 0]
					}
				},
				"diving_helmet": {
					"scale": 0.01
				},
				"innertube": {
					"scale": 0.01
				}
			}
		},
		"animation.goomba.recoil": {
			"animation_length": 1.5,
			"bones": {
				"head": {
					"rotation": {
						"0.0": [0, 0, 0],
						"0.125": {
							"pre": [-8, 1, 0],
							"post": [-8, 1, 0],
							"lerp_mode": "catmullrom"
						},
						"0.8333": {
							"post": [1, 0, 0],
							"lerp_mode": "catmullrom"
						},
						"1.5": [0, 0, 0]
					},
					"position": {
						"0.0": [0, 0, 0],
						"0.125": [0, 0, 1],
						"0.8333": [0, 0, 0]
					}
				},
				"jaw": {
					"rotation": {
						"0.0": [0, 0, 0],
						"0.0417": [0, 0, 0],
						"0.125": [5, 0, 0],
						"0.2917": [10, 0, 0],
						"0.5": [7.5, 0, 0],
						"0.75": [2, 0, 0],
						"0.875": [0, 0, 0]
					}
				},
				"diving_helmet": {
					"scale": 0.01
				},
				"innertube": {
					"scale": 0.01
				},
				"ltelt": {
					"rotation": {
						"0.0": [0, 0, 0],
						"0.2917": [0, 0, 0]
					},
					"position": {
						"0.0": [0, 0, 0],
						"0.0833": [0, -0.5, 0],
						"0.2083": [0, -0.5, 0],
						"0.2917": [0, 0, 0]
					}
				},
				"ltelb": {
					"rotation": {
						"0.0": [0, 0, 0],
						"0.2917": [0, 0, 0]
					},
					"position": {
						"0.0": [0, 0, 0],
						"0.0833": [0, -1.5, 0],
						"0.2083": [0, -1.5, 0],
						"0.2917": [0, 0, 0]
					}
				},
				"lbelt": {
					"rotation": {
						"0.0": [0, 0, 0],
						"0.2917": [0, 0, 0]
					},
					"position": {
						"0.0": [0, 0, 0],
						"0.0833": [0, 2, 0],
						"0.2083": [0, 2, 0],
						"0.2917": [0, 0, 0]
					}
				},
				"lbelb": {
					"rotation": {
						"0.0": [0, 0, 0],
						"0.2917": [0, 0, 0]
					},
					"position": {
						"0.0": [0, 0, 0],
						"0.0833": [0, 1, 0],
						"0.2083": [0, 1, 0],
						"0.2917": [0, 0, 0]
					}
				},
				"left_eyebrow": {
					"rotation": [0, 0, 0],
					"position": {
						"0.0": [0, 0, 0],
						"0.0417": [0, 1, 0],
						"1.0": [0, 1, 0],
						"1.5": [0, 0, 0]
					}
				},
				"rtelt": {
					"rotation": {
						"0.0": [0, 0, 0],
						"0.2917": [0, 0, 0]
					},
					"position": {
						"0.0": [0, 0, 0],
						"0.0833": [0, -0.5, 0],
						"0.2083": [0, -0.5, 0],
						"0.2917": [0, 0, 0]
					}
				},
				"rtelb": {
					"rotation": {
						"0.0": [0, 0, 0],
						"0.2917": [0, 0, 0]
					},
					"position": {
						"0.0": [0, 0, 0],
						"0.0833": [0, -1.5, 0],
						"0.2083": [0, -1.5, 0],
						"0.2917": [0, 0, 0]
					}
				},
				"rbelt": {
					"rotation": {
						"0.0": [0, 0, 0],
						"0.2917": [0, 0, 0]
					},
					"position": {
						"0.0": [0, 0, 0],
						"0.0833": [0, 2, 0],
						"0.2083": [0, 2, 0],
						"0.2917": [0, 0, 0]
					}
				},
				"rebelb": {
					"rotation": {
						"0.0": [0, 0, 0],
						"0.2917": [0, 0, 0]
					},
					"position": {
						"0.0": [0, 0, 0],
						"0.0833": [0, 1, 0],
						"0.2083": [0, 1, 0],
						"0.2917": [0, 0, 0]
					}
				},
				"right_eyebrow": {
					"rotation": [0, 0, 0],
					"position": {
						"0.0": [0, 0, 0],
						"0.0417": [0, 1, 0],
						"1.0": [0, 1, 0],
						"1.5": [0, 0, 0]
					}
				},
				"body": {
					"rotation": {
						"0.0": [0, 0, 0],
						"0.125": {
							"pre": [-8, 1, 0],
							"post": [-8, 1, 0],
							"lerp_mode": "catmullrom"
						},
						"0.8333": {
							"post": [1, 0, 0],
							"lerp_mode": "catmullrom"
						},
						"1.5": [0, 0, 0]
					},
					"position": {
						"0.0": [0, 0, 0],
						"0.125": [0, 0, 1],
						"0.8333": [0, 0, 0]
					}
				}
			}
		},
		"animation.royalgoomba.physical": {
			"animation_length": 1,
			"bones": {
				"diving_helmet": {
					"scale": 0.01
				},
				"innertube": {
					"scale": 0.01
				},
				"head": {
					"rotation": {
						"0.0": [0, 0, 0],
						"0.2222": [-7.5, 0, 0],
						"0.3889": [0, 0, 0],
						"0.5": [5, 0, 0],
						"0.6111": [0, 0, 0]
					},
					"position": {
						"0.0": [0, 0, 0],
						"0.2222": [0, 0, 1],
						"0.3889": [0, 0, -1],
						"0.5": [0, 0, -1],
						"0.5556": [0, 0, 0],
						"0.6111": [0, 0, 0]
					}
				},
				"left_eyebrow": {
					"rotation": [0, 0, 15],
					"position": [0, -0.5, 0]
				},
				"right_eyebrow": {
					"rotation": [0, 0, -15],
					"position": [0, -0.5, 0]
				},
				"jaw": {
					"rotation": {
						"0.0": [0, 0, 0],
						"0.2222": [10, 0, 0],
						"0.3889": [20, 0, 0],
						"0.5556": {"pre": [20, 0, 0], "post": [0, 0, 0]}
					},
					"position": {
						"0.0": [0, 0, 0],
						"0.3889": [0, 0, -0.75],
						"0.5": [0, 0, -0.75],
						"0.6667": {
							"pre": [0, 0, -1],
							"post": [0, 0, -1],
							"lerp_mode": "catmullrom"
						},
						"0.7222": {
							"post": [0, 0, 0],
							"lerp_mode": "catmullrom"
						}
					}
				},
				"foot_left": {
					"rotation": [0, -15, 0],
					"position": [0, 0, -1]
				},
				"foot_right": {
					"rotation": [0, 15, 0],
					"position": [0, 0, -1]
				},
				"body": {
					"rotation": {
						"0.0": [0, 0, 0],
						"0.2222": [-5, 0, 0],
						"0.3889": [2.5, 0, 0],
						"0.5": [7.5, 0, 0],
						"0.5556": [2.5, 0, 0],
						"0.6111": [0, 0, 0]
					},
					"position": [0, 0, 0]
				}
			}
		}
	}
}