{
  "portraitScale": 1,
  "portraitTranslation": [ 0, 0.5, 0 ],
  "profileScale": 1,
  "profileTranslation": [ 0, 0.4, 0 ],
  "rootBone": "goomba",
  "animations": {
    "faint": "q.bedrock_primary('goomba', 'faint', q.curve('one'))",
    "cry": "q.bedrock_stateful('goomba', 'cry')"
  },
  "poses": {
    "standing": {
      "poseName": "standing",
      "poseTypes": ["STAND", "NONE", "PORTRAIT", "PROFILE"],
      "animations": ["q.look('head')", "q.bedrock('goomba', 'ground_idle')"],
      "quirks": ["q.bedrock_quirk('goomba', 'blink')"]
    },
    "walking": {
      "poseName": "walking",
      "poseTypes": ["WALK"],
      "animations": ["q.look('head')", "q.bedrock('goomba', 'ground_walk')"],
      "quirks": ["q.bedrock_quirk('goomba', 'blink')"]
    },
    "sleeping": {
     "poseName": "sleeping",
     "poseTypes": ["SLEEP"],
      "animations": ["q.bedrock('goomba', 'sleep')"]
    }
  }
}