{
  "head": "head",
  "portraitScale": 1,
  "portraitTranslation": [ 0, 0.5, 0 ],
  "profileScale": 1,
  "profileTranslation": [ 0, 0.4, 0 ],
  "faint": "bedrock(paragoomba, faint)",
  "rootBone": "paragoomba",
  "animations": {
    "cry": "q.bedrock_stateful('paragoomba', 'cry')",
    "recoil": "q.bedrock_stateful('paragoomba', 'recoil')",
    "physical": "q.bedrock_primary('paragoomba', 'physical', q.curve('symmetrical_wide'))",
    "special": "q.bedrock_primary('paragoomba', 'special', q.curve('symmetrical_wide'))",
    "air_physical": "q.bedrock_primary('paragoomba', 'air_physical', q.curve('symmetrical_wide'))",
    "air_special": "q.bedrock_primary('paragoomba', 'air_special', q.curve('symmetrical_wide'))",
    "status": "q.bedrock_primary('paragoomba', 'status', q.curve('symmetrical_wide'))"
  },
  "poses": {
    "portrait": {
      "poseTypes": ["PORTRAIT", "PROFILE"],
      "isBattle": false,
      "isTouchingWater": false,
      "animations": ["q.look('head')", "q.bedrock('paragoomba', 'ground_idle')"],
      "quirks": ["q.bedrock_quirk('paragoomba', 'blink')"]
    },
    "battle-standing": {
      "poseTypes": ["STAND"],
      "isBattle": true,
      "isTouchingWater": false,
      "animations": ["q.look('head')", "q.bedrock('paragoomba', 'battle_idle')"],
      "quirks": [
        "q.bedrock_quirk('paragoomba', 'blink')"
      ],
      "namedAnimations": {
        "cry": "q.bedrock_primary('paragoomba', 'cry', q.curve('symmetrical_wide'))"
      }
    },
    "battle-flying": {
      "poseTypes": ["HOVER"],
      "isBattle": true,
      "animations": [
        "q.look('head')",
        "q.bedrock('paragoomba', 'air_idle')"
      ],
      "quirks": [
        "q.bedrock_quirk('paragoomba', 'blink')"
      ],
      "namedAnimations": {
        "cry": "q.bedrock_primary('paragoomba', 'air_battle_cry', q.curve('symmetrical_wide'))",
        "recoil": "q.bedrock_stateful('paragoomba', 'air_recoil')",
        "physical": "q.bedrock_primary('paragoomba', 'air_physical', q.curve('symmetrical'))",
        "special": "q.bedrock_primary('paragoomba', 'air_special', q.curve('symmetrical_wide'))",
        "status": "q.bedrock_primary('paragoomba', 'air_status', q.curve('symmetrical_wide'))"
      }
    },
    "standing": {
      "poseTypes": ["STAND", "NONE"],
      "isBattle": false,
      "isTouchingWater": false,
      "animations": ["q.look('head')", "q.bedrock('paragoomba', 'ground_idle')"],
      "quirks": [
        "q.bedrock_quirk('paragoomba', 'blink')"
      ]
    },
    "walking": {
      "poseTypes": ["WALK", "SWIM"],
      "isTouchingWater": false,
      "animations": ["q.look('head')", "q.bedrock('paragoomba', 'ground_walk')"],
      "quirks": ["q.bedrock_quirk('paragoomba', 'blink')"]
    },
    "sleep": {
      "poseTypes": ["SLEEP"],
      "animations": ["q.bedrock('paragoomba', 'sleep')"],
      "namedAnimations": {
        "cry": "q.bedrock_stateful('dummy', 'cry')"
      }
    },
    "hover": {
      "poseTypes": ["HOVER"],
      "isBattle": false,
      "animations": ["q.look('head')", "q.bedrock('paragoomba', 'air_idle')"],
      "quirks": ["q.bedrock_quirk('paragoomba', 'blink')"]
    },
    "fly": {
      "poseTypes": ["FLY"],
      "isBattle": false,
      "animations": ["q.look('head')", "q.bedrock('paragoomba', 'air_fly')"],
      "quirks": [
        "q.bedrock_quirk('paragoomba', 'blink')"
      ]
    }
  }
}
