{
  "type": "choice",
  "keys": ["bobomb_metallic_color"],
  "default": "random",
  "choices": [
    "gold",
    "gold",
    "gold",
    "gold",
    "silver",
    "silver",
    "silver",
    "silver",
    "iron",
    "iron",
    "steel",
    "steel",
    "createindustrialiron",
    "createindustrialiron",
    "copper",
    "copper",
    "exposedcopper",
    "weatheredcopper",
    "oxidizedcopper",
    "bronze",
    "bronze",
    "bronze",
    "bronze",
    "brass",
    "brass",
    "createbrass",
    "platinum",
    "rosegold",
    "uranium"
  ],
  "isAspect": true,
  "aspectFormat": "bobomb-metallic-color-{{choice}}"
}