{
  "type": "choice",
  "keys": ["bobomb_easteregg_color"],
  "default": "random",
  "choices": [
    "charactersadmiralbobbery",
    "charactersbub",
    "charactersfahrmayor",
    "charactersfahrsoldier",
    "charactersgeneralwhite",
    "charactersgoldbob",
    "charactersjerry",
    "characterslucky",
    "characterspapatch",
    "characterssylvia",
    "createandesitealloy",
    "createacoppercasing",
    "createbrass",
    "createbrasscasing",
    "createtraincasing",
    "createzinc",
    "createrosequartz",
    "createchromaticcompound",
    "createshadowsteel",
    "createrefinedradiance",
    "createindustrialiron",
    "createpackage",
    "marioretro",
    "marioretrokeyless",
    "marioretrobnw",
    "marioretrobnwkeyless",
    "marioallstarsblue",
    "marioallstarspurple",
    "mariosunshinedigital",
    "mariosboo",
    "mariocheepcheep",
    "mariogaloomba",
    "mariospiny",
    "mariospinyegg",
    "mariosptrolinstu",
    "marioshyguy",
    "mariobuzzybeetle",
    "mariooutmaway",
    "mariochainchomp",
    "mariopiranhaplant",
    "kirbykirby",
    "kirbymetanight",
    "kirbymetanightmaskless",
    "kirbywaddledee",
    "kirbywaddledoo",
    "minecraftobsidian",
    "minecraftdiamond",
    "minecraftemerald",
    "minecraftlapis",
    "minecraftapple",
    "minecraftcreeper",
    "minecrafttnt",
    "papermariomysticegg",
    "papermariococonut",
    "papermarioultrastone",
    "papermarioskullgem",
    "pkmnvoltorb",
    "pkmnelectrode",
    "pkmnspheal",
    "pkmnkoffing",
    "pkmnsolosis",
    "pkmnferroseed",
    "pkmnminior",
    "pkmnoddish",
    "pkmnpoliwag",
    "pkmnpoliwirl",
    "pkmnpoliwrath",
    "pkmngeodude",
    "pkmngeodudealolan",
    "pkmngraveler",
    "pkmngolem",
    "pkmngulpin",
    "pkmnduskull",
    "pkmnsnorlax",
    "pkmnseedot",
    "pkmnshroomish",
    "pkmnrogenrola",
    "pkmnbounsweet",
    "pkmnqwilfish",
    "pkmnqwilfishhisuian",
    "pkmncarvanha",
    "pkmnwailmer",
    "pkmnclefairy",
    "pkmngengar",
    "pkmnmankey",
    "pkmnprimape",
    "pkmnsnorlax",
    "pkmnjigglypuff",
    "pkmnigglybuff",
    "pkmntogepi",
    "pkmntogepiegg",
    "pkmntangela",
    "pkmnmarill",
    "pkmnwhismur",
    "pkmngible",
    "pkmnvenonat",
    "pkmnjumpluff",
    "pkmnexeggcute",
    "pkmnnatu",
    "pkmnrowlet",
    "pkmnmagnemite",
    "pkmnitemmetalcoat",
    "pkmnitemhardstone",
    "pkmnitemironball",
    "pkmnitemlifeorb",
    "pkmnitemflameorb",
    "pkmnitemlightball",
    "pkmnitemsmokeball",
    "pkmnitemtoxicorb",
    "pkmnitemblocktumblstone",
    "pkmnitemblockskytumblstone",
    "pkmnitemblockblacktumblstone",
    "pkmnitemblockpolishedtumblstone",
    "pkmnitemblockpolishedskytumblstone",
    "pkmnitemblockpolishedblacktumblstone",
    "pkmnitemblockchiseledtumblstone",
    "pkmnitemblockchiseledskytumblstone",
    "pkmnitemblockchiseledblacktumblstone",
    "pkmnitemblockevostoneblockdawn",
    "pkmnitemblockevostoneblockdusk",
    "pkmnitemblockevostoneblockfire",
    "pkmnitemblockevostoneblockice",
    "pkmnitemblockevostoneblockleaf",
    "pkmnitemblockevostoneblockmoon",
    "pkmnitemblockevostoneblockshiny",
    "pkmnitemblockevostoneblocksun",
    "pkmnitemblockevostoneblockthunder",
    "pkmnitemblockevostoneblockwater"
  ],
  "isAspect": true,
  "aspectFormat": "bobomb-easteregg-color-{{choice}}"
}