{
	"format_version": "1.12.0",
	"minecraft:geometry": [
		{
			"description": {
				"identifier": "geometry.goomba",
				"texture_width": 128,
				"texture_height": 128,
				"visible_bounds_width": 3,
				"visible_bounds_height": 4.5,
				"visible_bounds_offset": [0, 1.75, 0]
			},
			"bones": [
				{
					"name": "goomba",
					"pivot": [0, 0, 0]
				},
				{
					"name": "head",
					"parent": "goomba",
					"pivot": [0, 8, 0],
					"cubes": [
						{"origin": [-6, 9, -6], "size": [12, 6, 12], "uv": [0, 40]},
						{"origin": [-7, 7.01, -6.99], "size": [14, 6, 14], "uv": [0, 20]},
						{"origin": [-8, 5, -8], "size": [16, 4, 16], "uv": [0, 0]}
					]
				},
				{
					"name": "eyes",
					"parent": "head",
					"pivot": [-0.5, 0, 0]
				},
				{
					"name": "left_eye",
					"parent": "eyes",
					"pivot": [4, 10.5, -6.5]
				},
				{
					"name": "left_eyeball",
					"parent": "left_eye",
					"pivot": [4, 10.5, -6.5],
					"cubes": [
						{"origin": [6, 12, -5.99], "size": [-4, -3, -1], "uv": [128, 5]}
					]
				},
				{
					"name": "left_pupil",
					"parent": "left_eyeball",
					"pivot": [4, 10.5, -0.575],
					"cubes": [
						{"origin": [3.5, 10, -6.275], "size": [1, 1, 1], "uv": [122, 6]}
					]
				},
				{
					"name": "left_eyelid",
					"parent": "left_eye",
					"pivot": [4, 10.5, -6.5]
				},
				{
					"name": "ltel",
					"parent": "left_eyelid",
					"pivot": [4.25, 11.5, -4.48]
				},
				{
					"name": "ltelt",
					"parent": "ltel",
					"pivot": [4.25, 11.5, -4.48],
					"cubes": [
						{"origin": [1.75, 11.975, -6.98], "size": [5, 1, 1], "uv": [104, 1]}
					]
				},
				{
					"name": "ltelb",
					"parent": "ltel",
					"pivot": [4.25, 11.5, -4.48],
					"cubes": [
						{"origin": [1.75, 11.975, -6.98], "size": [5, 1, 1], "uv": [104, 1]}
					]
				},
				{
					"name": "lbel",
					"parent": "left_eyelid",
					"pivot": [4.25, 9.5, -4.48]
				},
				{
					"name": "lbelt",
					"parent": "lbel",
					"pivot": [4.25, 9.5, -4.48],
					"cubes": [
						{"origin": [1.75, 7.975, -6.98], "size": [5, 1, 1], "uv": [104, 1]}
					]
				},
				{
					"name": "lbelb",
					"parent": "lbel",
					"pivot": [4.25, 10.5, -4.48],
					"cubes": [
						{"origin": [1.75, 7.975, -6.98], "size": [5, 1, 1], "uv": [104, 1]}
					]
				},
				{
					"name": "left_eyebrow",
					"parent": "left_eye",
					"pivot": [1.5, 10.5, -7.01],
					"cubes": [
						{"origin": [1, 10, -7.01], "size": [5, 6, 0], "uv": [43, 41]}
					]
				},
				{
					"name": "right_eye",
					"parent": "eyes",
					"pivot": [-4, 10.5, -6.5]
				},
				{
					"name": "right_eyeball",
					"parent": "right_eye",
					"pivot": [-4, 10.5, -6.5],
					"cubes": [
						{"origin": [-2, 12, -5.99], "size": [-4, -3, -1], "uv": [128, 5]}
					]
				},
				{
					"name": "right_pupil",
					"parent": "right_eyeball",
					"pivot": [-4, 10.5, -0.575],
					"cubes": [
						{"origin": [-4.5, 10, -6.275], "size": [1, 1, 1], "uv": [122, 6]}
					]
				},
				{
					"name": "right_eyelid",
					"parent": "right_eye",
					"pivot": [-4, 10.5, -6.5]
				},
				{
					"name": "rtel",
					"parent": "right_eyelid",
					"pivot": [-4, 12.5, -4.48]
				},
				{
					"name": "rtelt",
					"parent": "rtel",
					"pivot": [-4, 12.5, -4.48],
					"cubes": [
						{"origin": [-6.25, 11.975, -6.98], "size": [5, 1, 1], "uv": [104, 1]}
					]
				},
				{
					"name": "rtelb",
					"parent": "rtel",
					"pivot": [-4, 12.5, -4.48],
					"cubes": [
						{"origin": [-6.25, 11.975, -6.98], "size": [5, 1, 1], "uv": [104, 1]}
					]
				},
				{
					"name": "rbel",
					"parent": "right_eyelid",
					"pivot": [-3.75, 9.5, -4.48]
				},
				{
					"name": "rbelt",
					"parent": "rbel",
					"pivot": [-3.75, 9.5, -4.48],
					"cubes": [
						{"origin": [-6.25, 7.975, -6.98], "size": [5, 1, 1], "uv": [104, 1]}
					]
				},
				{
					"name": "rebelb",
					"parent": "rbel",
					"pivot": [-3.75, 9.5, -4.48],
					"cubes": [
						{"origin": [-6.25, 7.975, -6.98], "size": [5, 1, 1], "uv": [104, 1]}
					]
				},
				{
					"name": "right_eyebrow",
					"parent": "right_eye",
					"pivot": [-1.5, 10.5, -7.01],
					"cubes": [
						{"origin": [-6, 10, -7.01], "size": [5, 6, 0], "uv": [38, 41]}
					]
				},
				{
					"name": "mouth",
					"parent": "head",
					"pivot": [0, 6, 0],
					"cubes": [
						{"origin": [-5.5, 5.01, -7.84], "size": [11, 3, 3], "uv": [82, 7]},
						{"origin": [5, 8.01, -4.84], "size": [-11, -3, -3], "uv": [109, 26]}
					]
				},
				{
					"name": "helmet",
					"parent": "head",
					"pivot": [0, 8, 0],
					"cubes": [
						{"origin": [-7.5, 12.1, -7], "size": [15, 2, 15], "uv": [0, 111]},
						{"origin": [-6.5, 12.5, -6.5], "size": [13, 3, 13], "uv": [0, 91]},
						{"origin": [-5.5, 14.75, -5.5], "size": [11, 2, 11], "uv": [0, 76]},
						{"origin": [-4.5, 15.75, -4.5], "size": [9, 2, 9], "uv": [3, 78]}
					]
				},
				{
					"name": "helmet_spike",
					"parent": "helmet",
					"pivot": [0, 9, 0],
					"cubes": [
						{"origin": [-2.5, 16.75, -2.5], "size": [5, 2, 5], "uv": [0, 121]},
						{"origin": [-2, 17.75, -2], "size": [4, 2, 4], "uv": [0, 122]},
						{"origin": [-1.5, 18.75, -1.5], "size": [3, 2, 3], "uv": [0, 123]},
						{"origin": [-1, 19.75, -1], "size": [2, 2, 2], "uv": [0, 124]},
						{"origin": [-0.5, 20.75, -0.5], "size": [1, 2, 1], "uv": [0, 125]}
					]
				},
				{
					"name": "wings",
					"parent": "head",
					"pivot": [0, 8, 0]
				},
				{
					"name": "left_wing",
					"parent": "wings",
					"pivot": [1, 8, 8]
				},
				{
					"name": "2dwingleft",
					"parent": "left_wing",
					"pivot": [6.5, 14, 8.1],
					"cubes": [
						{"origin": [0, 6, 8.1], "size": [7, 16, 0], "uv": [99, 111], "mirror": true}
					]
				},
				{
					"name": "2dwl2",
					"parent": "2dwingleft",
					"pivot": [7, 14, 8.1],
					"cubes": [
						{"origin": [7, 6, 8.1], "size": [4, 16, 0], "uv": [81, 111], "mirror": true}
					]
				},
				{
					"name": "2dwl3",
					"parent": "2dwl2",
					"pivot": [11, 14, 8.1],
					"cubes": [
						{"origin": [11, 6, 8.1], "size": [5, 16, 0], "uv": [105, 95], "mirror": true}
					]
				},
				{
					"name": "right_wing",
					"parent": "wings",
					"pivot": [-1, 8, 8]
				},
				{
					"name": "2dwingright",
					"parent": "right_wing",
					"pivot": [0, 6, -1.9],
					"cubes": [
						{"origin": [-7, 6, 8.1], "size": [7, 16, 0], "uv": [99, 111]}
					]
				},
				{
					"name": "2dwr2",
					"parent": "2dwingright",
					"pivot": [-7, 14, 8.1],
					"cubes": [
						{"origin": [-11, 6, 8.1], "size": [4, 16, 0], "uv": [81, 111]}
					]
				},
				{
					"name": "2dwr3",
					"parent": "2dwr2",
					"pivot": [-11, 14, 8.1],
					"cubes": [
						{"origin": [-16, 6, 8.1], "size": [5, 16, 0], "uv": [105, 95]}
					]
				},
				{
					"name": "diving_helmet",
					"parent": "head",
					"pivot": [0, 10.5, 0],
					"cubes": [
						{"origin": [-9, 4.5, -9], "size": [18, 12, 18], "uv": [56, 60]},
						{"origin": [7.5, 15, -6], "size": [-15, -9, -5], "uv": [96, 105]},
						{"origin": [9, 8, -2.5], "size": [2, 5, 5], "uv": [114, 28]},
						{"origin": [-11, 8, -2.5], "size": [2, 5, 5], "uv": [114, 28], "mirror": true},
						{"origin": [-10.5, 5.5, -2.5], "size": [2, 5, 5], "pivot": [0, 8, 0], "rotation": [0, 0, 90], "uv": [114, 18], "mirror": true}
					]
				},
				{
					"name": "body",
					"parent": "goomba",
					"pivot": [0, 8, 0],
					"cubes": [
						{"origin": [-4, 1, -4], "size": [8, 8, 8], "uv": [48, 0]}
					]
				},
				{
					"name": "innertube",
					"parent": "body",
					"pivot": [0, 3.25, 0],
					"cubes": [
						{"origin": [-8, 1.75, -8], "size": [16, 3, 16], "uv": [64, 39]}
					]
				},
				{
					"name": "feet",
					"parent": "goomba",
					"pivot": [0, 0, 0]
				},
				{
					"name": "foot_left",
					"parent": "feet",
					"pivot": [2, 3, -1]
				},
				{
					"name": "heel_left",
					"parent": "foot_left",
					"pivot": [5, 2, -1],
					"cubes": [
						{"origin": [2, 0, -3], "size": [6, 4, 4], "uv": [48, 47]}
					]
				},
				{
					"name": "arch_left",
					"parent": "heel_left",
					"pivot": [5, 2, -3],
					"cubes": [
						{"origin": [2, 0, -5], "size": [6, 4, 4], "uv": [48, 47]}
					]
				},
				{
					"name": "loe_left",
					"parent": "arch_left",
					"pivot": [5, 2, -5],
					"cubes": [
						{"origin": [2, 0, -7], "size": [6, 4, 4], "uv": [48, 47]}
					]
				},
				{
					"name": "foot_right",
					"parent": "feet",
					"pivot": [-2, 3, -1]
				},
				{
					"name": "heel_right",
					"parent": "foot_right",
					"pivot": [-5, 2, -1],
					"cubes": [
						{"origin": [-8, 0, -3], "size": [6, 4, 4], "uv": [42, 20]}
					]
				},
				{
					"name": "arch_right",
					"parent": "heel_right",
					"pivot": [-5, 2, -3],
					"cubes": [
						{"origin": [-8, 0, -5], "size": [6, 4, 4], "uv": [42, 20]}
					]
				},
				{
					"name": "toe_right",
					"parent": "arch_right",
					"pivot": [-5, 2, -5],
					"cubes": [
						{"origin": [-8, 0, -7], "size": [6, 4, 4], "uv": [42, 20]}
					]
				}
			]
		}
	]
}