{
	"format_version": "1.8.0",
	"animations": {
		"animation.bowser.special": {
			"loop": true,
			"animation_length": 3,
			"bones": {
				"head": {
					"rotation": {
						"0.0": [0, 0, 0],
						"0.5": [-45, 0, 0],
						"2.0": [-45, 0, 0],
						"3.0": [0, 0, 0]
					}
				},
				"mouth_lower": {
					"rotation": {
						"0.0": [-32.5, 0, 0],
						"0.125": [-32.5, 0, 0],
						"0.5": [15, 0, 0],
						"2.0": [15, 0, 0],
						"3.0": [-15, 0, 0]
					},
					"position": [0, 0, 0]
				},
				"left_brow": {
					"rotation": {
						"0.0": [0, 0, 0],
						"0.5": [15, 0, 0],
						"2.0": [15, 0, 0],
						"3.0": [0, 0, 0]
					},
					"position": {
						"0.0": [0, 0, 0],
						"0.5": [0, -2, 0],
						"2.0": [0, -2, 0],
						"3.0": [0, 0, 0]
					}
				},
				"right_brow": {
					"rotation": {
						"0.5": [15, 0, 0],
						"2.0": [15, 0, 0],
						"3.0": [0, 0, 0]
					},
					"position": {
						"0.5": [0, -2, 0],
						"2.0": [0, -2, 0],
						"3.0": [0, 0, 0]
					}
				},
				"llid_top": {
					"rotation": {
						"0.0": [0, 0, 0],
						"3.0": [0, 0, 0]
					},
					"position": {
						"0.0": [0, 0, 0],
						"0.5": [0, -1.5, 0],
						"2.0": [0, -1.5, 0],
						"3.0": [0, 0, 0]
					}
				},
				"rlid_top": {
					"rotation": {
						"0.0": [0, 0, 0],
						"3.0": [0, 0, 0]
					},
					"position": {
						"0.0": [0, 0, 0],
						"0.5": [0, -1.5, 0],
						"2.0": [0, -1.5, 0],
						"3.0": [0, 0, 0]
					}
				},
				"spikes": {
					"rotation": [0, 0, 0],
					"position": [0, 0, 0]
				},
				"belly2": {
					"rotation": [0, 0, 0],
					"position": [0, 0, 0]
				},
				"back_shell": {
					"rotation": [0, 0, 0],
					"position": [0, 0, 0]
				},
				"collar": {
					"rotation": [0, 0, 0],
					"position": [0, 0, 0]
				},
				"right_leg": {
					"rotation": [0, 0, 0],
					"position": [0, 0, 0]
				},
				"right_foot": {
					"rotation": [0, 0, 0],
					"position": [0, 0, 0]
				},
				"left_leg": {
					"rotation": [0, 0, 0],
					"position": [0, 0, 0]
				},
				"left_foot": {
					"rotation": [0, 0, 0],
					"position": [0, 0, 0]
				},
				"left_arm": {
					"rotation": [0, 0, 0],
					"position": [0, 0, 0]
				},
				"lefthand": {
					"rotation": {
						"0.0": [0, 0, 0],
						"0.5": [0, 30, 0],
						"2.0": [0, 30, 0],
						"3.0": [0, 0, 0]
					},
					"position": {
						"0.0": [0, 0, 0],
						"3.0": [0, 0, 0]
					}
				},
				"tail2": {
					"rotation": {
						"0.0": [0, 0, 0],
						"0.5": [-10, 0, 0],
						"2.0": [-10, 0, 0],
						"3.0": [0, 0, 0]
					}
				},
				"tail3": {
					"rotation": {
						"0.0": [0, 0, 0],
						"0.5": [-10, 0, 0],
						"2.0": [-10, 0, 0],
						"3.0": [0, 0, 0]
					}
				},
				"larm_upper": {
					"rotation": {
						"0.0": [0, 0, 0],
						"0.5": [-15, 0, -30],
						"2.0": [-15, 0, -30],
						"3.0": [0, 0, 0]
					},
					"position": {
						"0.0": [0, 0, 0],
						"3.0": [0, 0, 0]
					}
				},
				"larm_lower": {
					"rotation": {
						"0.0": [0, 0, 0],
						"0.5": [-35, 0, 15],
						"2.0": [-35, 0, 15],
						"3.0": [0, 0, 0]
					},
					"position": {
						"0.0": [0, 0, 0],
						"3.0": [0, 0, 0]
					}
				},
				"main": {
					"rotation": {
						"0.0": [0, 0, 0],
						"0.5": [30, 0, 0],
						"1.0": ["30+(math.sin(math.random_integer(15,20))*15)", 0, 0],
						"1.5": ["30+(math.sin(math.random_integer(15,20))*15)", 0, 0],
						"1.9167": [30, 0, 0],
						"2.0": [30, 0, 0],
						"3.0": [0, 0, 0]
					},
					"position": {
						"0.0": [0, 0, 0],
						"0.5": [0, 0, -2],
						"2.0": [0, 0, -2],
						"3.0": [0, 0, 0]
					}
				},
				"righthand": {
					"rotation": {
						"0.0": [0, 0, 0],
						"0.5": [0, -30, 0],
						"2.0": [0, -30, 0],
						"3.0": [0, 0, 0]
					},
					"position": {
						"0.0": [0, 0, 0],
						"3.0": [0, 0, 0]
					}
				},
				"rarm_lower": {
					"rotation": {
						"0.0": [0, 0, 0],
						"0.5": [-35, 0, -15],
						"2.0": [-35, 0, -15],
						"3.0": [0, 0, 0]
					},
					"position": {
						"0.0": [0, 0, 0],
						"3.0": [0, 0, 0]
					}
				},
				"rarm_upper": {
					"rotation": {
						"0.0": [0, 0, 0],
						"0.5": [-15, 0, 30],
						"2.0": [-15, 0, 30],
						"3.0": [0, 0, 0]
					},
					"position": {
						"0.0": [0, 0, 0],
						"3.0": [0, 0, 0]
					}
				},
				"right_arm": {
					"rotation": [0, 0, 0],
					"position": [0, 0, 0]
				}
			}
		},
		"animation.bowser.cry": {
			"loop": "hold_on_last_frame",
			"animation_length": 1,
			"bones": {
				"head": {
					"rotation": {
						"0.0": [0, 0, 0],
						"0.5": [-20, 0, 0],
						"0.5833": [-20, 0, 0],
						"1.0": [0, 0, 0]
					}
				},
				"mouth_lower": {
					"rotation": {
						"0.0": [-32.5, 0, 0],
						"0.125": [-32.5, 0, 0],
						"0.5": [20, 0, 0],
						"0.5833": [20, 0, 0],
						"0.75": [20, 0, 0],
						"1.0": [-15, 0, 0]
					},
					"position": [0, 0, 0]
				},
				"spikes": {
					"rotation": [0, 0, 0],
					"position": [0, 0, 0]
				},
				"belly2": {
					"rotation": [0, 0, 0],
					"position": [0, 0, 0]
				},
				"back_shell": {
					"rotation": [0, 0, 0],
					"position": [0, 0, 0]
				},
				"collar": {
					"rotation": [0, 0, 0],
					"position": [0, 0, 0]
				},
				"right_leg": {
					"rotation": [0, 0, 0],
					"position": [0, 0, 0]
				},
				"right_foot": {
					"rotation": [0, 0, 0],
					"position": [0, 0, 0]
				},
				"left_leg": {
					"rotation": [0, 0, 0],
					"position": [0, 0, 0]
				},
				"left_foot": {
					"rotation": [0, 0, 0],
					"position": [0, 0, 0]
				},
				"left_arm": {
					"rotation": [0, 0, 0],
					"position": [0, 0, 0]
				},
				"lefthand": {
					"rotation": [0, 0, 0],
					"position": [0, 0, 0]
				},
				"tail2": {
					"rotation": {
						"0.0": [0, 0, 0],
						"0.5": [-10, 0, 0],
						"1.0": [0, 0, 0]
					}
				},
				"tail3": {
					"rotation": {
						"0.0": [0, 0, 0],
						"0.5": [-10, 0, 0],
						"1.0": [0, 0, 0]
					}
				},
				"larm_upper": {
					"rotation": {
						"0.0": [0, 0, 0],
						"0.5": [-15, 0, -30],
						"0.5833": [-15, 0, -30],
						"1.0": [0, 0, 0]
					},
					"position": {
						"0.0": [0, 0, 0],
						"1.0": [0, 0, 0]
					}
				},
				"larm_lower": {
					"rotation": {
						"0.0": [0, 0, 0],
						"0.5": [0, 0, 15],
						"0.5833": [0, 0, 15],
						"1.0": [0, 0, 0]
					},
					"position": {
						"0.0": [0, 0, 0],
						"1.0": [0, 0, 0]
					}
				},
				"main": {
					"rotation": {
						"0.0": [0, 0, 0],
						"0.5": [15, 0, 0],
						"0.5833": [15, 0, 0],
						"1.0": [0, 0, 0]
					},
					"position": {
						"0.0": [0, 0, 0],
						"0.5": [0, 0, -2],
						"0.5833": [0, 0, -2],
						"1.0": [0, 0, 0]
					}
				},
				"right_arm": {
					"rotation": [0, 0, 0],
					"position": [0, 0, 0]
				},
				"rarm_upper": {
					"rotation": {
						"0.0": [0, 0, 0],
						"0.5": [-15, 0, 30],
						"0.5833": [-15, 0, 30],
						"1.0": [0, 0, 0]
					},
					"position": {
						"0.0": [0, 0, 0],
						"1.0": [0, 0, 0]
					}
				},
				"rarm_lower": {
					"rotation": {
						"0.0": [0, 0, 0],
						"0.5": [0, 0, -15],
						"0.5833": [0, 0, -15],
						"1.0": [0, 0, 0]
					},
					"position": {
						"0.0": [0, 0, 0],
						"1.0": [0, 0, 0]
					}
				},
				"righthand": {
					"rotation": [0, 0, 0],
					"position": [0, 0, 0]
				}
			}
		},
		"animation.bowser.blink": {
			"animation_length": 0.25,
			"bones": {
				"mouth_lower": {
					"rotation": {
						"0.0": [0, 0, 0],
						"0.125": [-1, 0, 0],
						"0.25": [0, 0, 0]
					},
					"position": {
						"0.0": [0, 0, 0],
						"0.25": [0, 0, 0]
					}
				},
				"left_brow": {
					"rotation": {
						"0.0": [0, 0, 0],
						"0.125": [-5, 0, 0],
						"0.2083": [2, 0, 0],
						"0.25": [0, 0, 0]
					},
					"position": {
						"0.0": [0, 0, 0],
						"0.25": [0, 0, 0]
					}
				},
				"right_brow": {
					"rotation": {
						"0.0": [0, 0, 0],
						"0.125": [-5, 0, 0],
						"0.2083": [2, 0, 0],
						"0.25": [0, 0, 0]
					},
					"position": {
						"0.0": [0, 0, 0],
						"0.25": [0, 0, 0]
					}
				},
				"rlt1": {
					"rotation": {
						"0.0": [0, 0, 0],
						"0.25": [0, 0, 0]
					},
					"position": {
						"0.0": [0, 0, 0],
						"0.0833": [0, -1, 0],
						"0.125": [0, -1, 0],
						"0.25": [0, 0, 0]
					}
				},
				"rlt2": {
					"rotation": {
						"0.0": [0, 0, 0],
						"0.25": [0, 0, 0]
					},
					"position": {
						"0.0": [0, 0, 0],
						"0.0833": [0, -1, 0],
						"0.125": [0, -1, 0],
						"0.25": [0, 0, 0]
					}
				},
				"rlt3": {
					"rotation": {
						"0.0": [0, 0, 0],
						"0.25": [0, 0, 0]
					},
					"position": {
						"0.0": [0, 0, 0],
						"0.0833": [0, -1, 0],
						"0.125": [0, -1, 0],
						"0.25": [0, 0, 0]
					}
				},
				"rlb1": {
					"rotation": {
						"0.0": [0, 0, 0],
						"0.25": [0, 0, 0]
					},
					"position": {
						"0.0": [0, 0, 0],
						"0.125": [0, 1, 0],
						"0.25": [0, 0, 0]
					}
				},
				"rlb2": {
					"rotation": {
						"0.0": [0, 0, 0],
						"0.25": [0, 0, 0]
					},
					"position": {
						"0.0": [0, 0, 0],
						"0.125": [0, 1, 0],
						"0.25": [0, 0, 0]
					}
				},
				"rlb3": {
					"rotation": {
						"0.0": [0, 0, 0],
						"0.25": [0, 0, 0]
					},
					"position": {
						"0.0": [0, 0, 0],
						"0.125": [0, 0.5, 0],
						"0.25": [0, 0, 0]
					}
				},
				"llt1": {
					"rotation": {
						"0.0": [0, 0, 0],
						"0.25": [0, 0, 0]
					},
					"position": {
						"0.0": [0, 0, 0],
						"0.0833": [0, -1, 0],
						"0.125": [0, -1, 0],
						"0.25": [0, 0, 0]
					}
				},
				"llt2": {
					"rotation": {
						"0.0": [0, 0, 0],
						"0.25": [0, 0, 0]
					},
					"position": {
						"0.0": [0, 0, 0],
						"0.0833": [0, -1, 0],
						"0.125": [0, -1, 0],
						"0.25": [0, 0, 0]
					}
				},
				"llt3": {
					"rotation": {
						"0.0": [0, 0, 0],
						"0.25": [0, 0, 0]
					},
					"position": {
						"0.0": [0, 0, 0],
						"0.0833": [0, -1, 0],
						"0.125": [0, -1, 0],
						"0.25": [0, 0, 0]
					}
				},
				"llb1": {
					"rotation": {
						"0.0": [0, 0, 0],
						"0.25": [0, 0, 0]
					},
					"position": {
						"0.0": [0, 0, 0],
						"0.125": [0, 1, 0],
						"0.25": [0, 0, 0]
					}
				},
				"llb2": {
					"rotation": {
						"0.0": [0, 0, 0],
						"0.25": [0, 0, 0]
					},
					"position": {
						"0.0": [0, 0, 0],
						"0.125": [0, 1, 0],
						"0.25": [0, 0, 0]
					}
				},
				"llb3": {
					"rotation": {
						"0.0": [0, 0, 0],
						"0.25": [0, 0, 0]
					},
					"position": {
						"0.0": [0, 0, 0],
						"0.125": [0, 0.5, 0],
						"0.25": [0, 0, 0]
					}
				}
			}
		},
		"animation.bowser.sleep": {
			"loop": true,
			"animation_length": 3,
			"bones": {
				"head": {
					"rotation": {
						"0.0": [45, 0, 0],
						"1.5": [48, 0, 0],
						"3.0": [45, 0, 0]
					}
				},
				"mouth_lower": {
					"rotation": {
						"0.0": {
							"post": [-32.5, 0, 0],
							"lerp_mode": "catmullrom"
						},
						"1.5": {
							"post": [-27.5, 0, 0],
							"lerp_mode": "catmullrom"
						},
						"3.0": {
							"post": [-32.5, 0, 0],
							"lerp_mode": "catmullrom"
						}
					}
				},
				"llt1": {
					"position": [0, -1, 0]
				},
				"llt2": {
					"position": [0, -1, 0]
				},
				"llt3": {
					"position": [0, -1, 0]
				},
				"llb1": {
					"position": [0, 1, 0]
				},
				"llb2": {
					"position": [0, 1, 0]
				},
				"llb3": {
					"position": [0, 0.5, 0]
				},
				"rlt1": {
					"position": [0, -1, 0]
				},
				"rlt2": {
					"position": [0, -1, 0]
				},
				"rlt3": {
					"position": [0, -1, 0]
				},
				"rlb1": {
					"position": [0, 1, 0]
				},
				"rlb2": {
					"position": [0, 1, 0]
				},
				"rlb3": {
					"position": [0, 0.5, 0]
				},
				"lefthand": {
					"rotation": [0, 30, 0]
				},
				"righthand": {
					"rotation": [0, -30, 0]
				},
				"larm_lower": {
					"rotation": {
						"0.0": [0, 0, 0],
						"1.5": [5, 0, 0],
						"3.0": [0, 0, 0]
					}
				},
				"larm_upper": {
					"rotation": {
						"0.0": {
							"post": [25, 0, 0],
							"lerp_mode": "catmullrom"
						},
						"1.5": {
							"post": [28, 0, 0],
							"lerp_mode": "catmullrom"
						},
						"3.0": {
							"post": [25, 0, 0],
							"lerp_mode": "catmullrom"
						}
					}
				},
				"rarm_upper": {
					"rotation": {
						"0.0": {
							"post": [25, 0, 0],
							"lerp_mode": "catmullrom"
						},
						"1.5": {
							"post": [28, 0, 0],
							"lerp_mode": "catmullrom"
						},
						"3.0": {
							"post": [25, 0, 0],
							"lerp_mode": "catmullrom"
						}
					}
				},
				"rarm_lower": {
					"rotation": {
						"0.0": [0, 0, 0],
						"1.5": [5, 0, 0],
						"3.0": [0, 0, 0]
					}
				},
				"main": {
					"rotation": {
						"0.0": [0, 0, 0],
						"1.5": [2.5, 0, 2.5],
						"3.0": [0, 0, 0]
					}
				}
			}
		},
		"animation.bowser.ground_idle": {
			"loop": true,
			"animation_length": 76.75,
			"bones": {
				"main": {
					"position": [0, "math.exp(math.sin(q.anim_time*50)-0.5)", 0]
				},
				"locator_middle": {
					"scale": 1
				},
				"larm_upper": {
					"rotation": [
						0,
						0,
						"math.clamp(math.sin(-(q.anim_time*50)-15)*1.5+(math.sin(-(q.anim_time*q.anim_time))*math.sin(math.random(0.5,5)*math.random(0.9,1.1))),-5,60)"
					]
				},
				"larm_lower": {
					"rotation": [
						0,
						0,
						"math.clamp(math.sin(-(q.anim_time*50)-15)*1.5+(math.sin(-(q.anim_time*q.anim_time))*math.sin(math.random(0.5,5)*math.random(0.9,1.1))),-5,60)"
					]
				},
				"lefthand": {
					"rotation": [
						0,
						"math.clamp(math.sin(-(q.anim_time*50)-15)*1.5+(math.sin(-(q.anim_time*q.anim_time))*math.sin(math.random(0.5,5)*math.random(0.9,1.1))),-5,60)",
						0
					]
				},
				"rarm_upper": {
					"rotation": [0, 0, "math.clamp(math.sin((q.anim_time*50)+15)*1.5+(math.sin((q.anim_time*q.anim_time))*math.sin(math.random(0.5,5))),-60,5)"]
				},
				"rarm_lower": {
					"rotation": [0, 0, "math.clamp(math.sin((q.anim_time*50)+15)*1.5+(math.sin((q.anim_time*q.anim_time))*math.sin(math.random(0.5,5))),-60,5)"]
				},
				"righthand": {
					"rotation": [0, "math.clamp(math.sin((q.anim_time*50)+15)*1.5+(math.sin((q.anim_time*q.anim_time))*math.sin(math.random(0.5,5))),-60,5)", 0]
				},
				"left_foot": {
					"scale": 1
				}
			}
		},
		"animation.bowser.ground_walk": {
			"loop": true,
			"animation_length": 1.75,
			"bones": {
				"main": {
					"position": {
						"0.0": [0, 0, 0],
						"0.25": [0, 2, 0],
						"0.5": [0, 0, 0],
						"0.75": [0, 2, 0],
						"1.0": [0, 0, 0],
						"1.25": [0, 2, 0],
						"1.5": [0, 2, 0],
						"1.75": [0, 0, 0]
					}
				},
				"right_leg": {
					"rotation": {
						"0.75": [0, -15, 0],
						"1.0": [-45, -15, 0],
						"1.25": [-45, -15, 0],
						"1.75": [0, -15, 0]
					},
					"position": {
						"0.75": [0, 0, 0],
						"1.0": [0, 3, 0],
						"1.25": [0, 0, 0],
						"1.5": [0, 1, 0],
						"1.75": [0, 0, 0]
					}
				},
				"right_foot": {
					"rotation": {
						"0.75": [0, 0, 0],
						"1.0": [30, 0, 0],
						"1.25": [30, 0, 0],
						"1.2917": [45, 0, 0],
						"1.75": [0, 0, 0]
					}
				},
				"left_leg": {
					"rotation": {
						"0.0": [0, 15, 0],
						"0.25": [-45, 15, 0],
						"0.5": [-45, 15, 0],
						"1.0": [0, 15, 0]
					},
					"position": {
						"0.0": [0, 0, 0],
						"0.25": [0, 3, 0],
						"0.5": [0, 0, 0],
						"0.75": [0, 1, 0],
						"1.0": [0, 0, 0]
					}
				},
				"left_foot": {
					"rotation": {
						"0.0": [0, 0, 0],
						"0.25": [30, 0, 0],
						"0.5": [30, 0, 0],
						"0.5417": [45, 0, 0],
						"1.0": [0, 0, 0]
					}
				}
			}
		},
		"animation.bowser.physical": {
			"loop": true,
			"animation_length": 1.75,
			"bones": {
				"main": {
					"position": {
						"0.0": [0, 0, 0],
						"0.25": [0, 2, 0],
						"0.5": [0, 0, 0]
					}
				},
				"right_leg": {
					"rotation": [0, -15, 0],
					"position": [0, 0, 0]
				},
				"right_foot": {
					"rotation": [0, 0, 0]
				},
				"left_leg": {
					"rotation": {
						"0.0": [0, 15, 0],
						"0.25": [-45, 15, 0],
						"0.5": [-45, 15, 0]
					},
					"position": {
						"0.0": [0, 0, 0],
						"0.25": [0, 3, 0],
						"0.5": [0, 0, 0]
					}
				},
				"left_foot": {
					"rotation": {
						"0.0": [0, 0, 0],
						"0.25": [30, 0, 0],
						"0.5": [30, 0, 0],
						"0.5417": [45, 0, 0]
					}
				}
			}
		}
	}
}