{
	"format_version": "1.12.0",
	"minecraft:geometry": [
		{
			"description": {
				"identifier": "geometry.sprite",
				"texture_width": 1024,
				"texture_height": 1024,
				"visible_bounds_width": 20,
				"visible_bounds_height": 18,
				"visible_bounds_offset": [0, 8, 0]
			},
			"bones": [
				{
					"name": "sprite",
					"pivot": [0, 0, 0]
				},
				{
					"name": "head",
					"parent": "sprite",
					"pivot": [0, 0, 0],
					"cubes": [
						{"origin": [-150, 0, 0], "size": [300, 250, 0], "uv": [0, 0]}
					]
				}
			]
		}
	]
}