{
	"format_version": "1.12.0",
	"minecraft:geometry": [
		{
			"description": {
				"identifier": "geometry.unknown",
				"texture_width": 128,
				"texture_height": 128,
				"visible_bounds_width": 4,
				"visible_bounds_height": 4.5,
				"visible_bounds_offset": [0, 1.75, 0]
			},
			"bones": [
				{
					"name": "royalgoomba",
					"pivot": [0, 0, 0]
				},
				{
					"name": "head",
					"parent": "royalgoomba",
					"pivot": [0, 8, 0]
				},
				{
					"name": "crown",
					"parent": "head",
					"pivot": [0, 25, 0],
					"cubes": [
						{"origin": [-4.5, 25, -4.5], "size": [9, 6, 9], "uv": [0, 84]},
						{"origin": [-0.5, 30, -0.5], "size": [1, 2, 1], "uv": [2, 1]}
					]
				},
				{
					"name": "main_head",
					"parent": "head",
					"pivot": [0, 8, 0],
					"cubes": [
						{"origin": [-9, 9, -9], "size": [18, 7, 18], "uv": [0, 0]},
						{"origin": [-6, 16, -6], "size": [12, 9, 12], "uv": [0, 40]},
						{"origin": [-7, 12, -7], "size": [14, 9, 14], "uv": [0, 59]},
						{"origin": [-9, 16, -7], "size": [18, 10, 0], "uv": [93, 0]}
					]
				},
				{
					"name": "male_moustache",
					"parent": "main_head",
					"pivot": [0, 8, 0],
					"cubes": [
						{"origin": [-9, 9, -9.1], "size": [18, 7, 2], "uv": [104, 28]}
					]
				},
				{
					"name": "female_hair",
					"parent": "main_head",
					"pivot": [0, 8, 0],
					"cubes": [
						{"origin": [-7.5, 16.1, -3], "size": [15, 9, 6], "uv": [85, 37]}
					]
				},
				{
					"name": "foot_left",
					"parent": "royalgoomba",
					"pivot": [3, 3, -2]
				},
				{
					"name": "heel_left",
					"parent": "foot_left",
					"pivot": [6, 0.616, -2.296],
					"cubes": [
						{"origin": [3, 0, -4], "size": [6, 4, 4], "uv": [108, 106]}
					]
				},
				{
					"name": "arch_left",
					"parent": "foot_left",
					"pivot": [6, 0.616, -4.296],
					"cubes": [
						{"origin": [3, 0, -6], "size": [6, 4, 4], "uv": [108, 106]}
					]
				},
				{
					"name": "loe_left",
					"parent": "foot_left",
					"pivot": [6, 0.616, -6.296],
					"cubes": [
						{"origin": [3, 0, -8], "size": [6, 4, 4], "uv": [108, 106]}
					]
				},
				{
					"name": "foot_right",
					"parent": "royalgoomba",
					"pivot": [-3, 3, -2]
				},
				{
					"name": "toe_right",
					"parent": "foot_right",
					"pivot": [-4, 0.75, -1.6],
					"cubes": [
						{"origin": [-9, 0, -8], "size": [6, 4, 4], "uv": [108, 120]}
					]
				},
				{
					"name": "arch_right",
					"parent": "foot_right",
					"pivot": [-4, 0.75, 0.4],
					"cubes": [
						{"origin": [-9, 0, -6], "size": [6, 4, 4], "uv": [108, 120]}
					]
				},
				{
					"name": "heel_right",
					"parent": "foot_right",
					"pivot": [-4, 0.75, 2.4],
					"cubes": [
						{"origin": [-9, 0, -4], "size": [6, 4, 4], "uv": [108, 120]}
					]
				},
				{
					"name": "body",
					"parent": "royalgoomba",
					"pivot": [0, 8, 0],
					"cubes": [
						{"origin": [-6, 2, -6], "size": [12, 12, 12], "uv": [0, 104]}
					]
				}
			]
		}
	]
}