{
  "implemented": false,
  "name": "davrialdummy",
  "nationalPokedexNumber": 111111111,
  "primaryType": "normal",
  "abilities": [
    "sturdy",
    "sturdy",
    "h:sturdy"
  ],
  "baseStats": {
    "hp": 999999,
    "attack": 1,
    "defence": 1,
    "special_attack": 1,
    "special_defence": 1,
    "speed": 1
  },
  "behaviour": {
    "combat":{
      "willDefendOwner":false,
      "willDefendSelf":false,
      "willFlee":false
    },
    "resting": {
      "canSleep": false
    },
    "moving": {
      "canLook": true,
      "looksAtEntities": true,
      "wanderSpeed": 0.0,
      "walk": {
        "canWalk": false
      }
    },
    "fireImmune":false
  },
  "catchRate": 200,
  "maleRatio": 0.5,
  "shoulderMountable": false,
  "baseExperienceYield": 100,
  "experienceGroup": "slow",
  "eggCycles": 10,
  "eggGroups": [
    "field"
  ],
  "drops": {
    "amount": 1,
    "entries": [
      {
        "item": "minecraft:iron_ingot",
        "quantityRange": "1-1",
        "percentage": 1
      }
    ]
  },



  "moves": [
    "1:dummyheal"
  ],




  "labels": [
    "custom"
  ],
  "pokedex": [
    "cobblemon.species.davrialdummy.desc1",
    "cobblemon.species.davrialdummy.desc2"
  ],
  "baseScale": 1,
  "hitbox": {
    "width": 1,
    "height": 1,
    "fixed": false
  },
  "baseFriendship": 50,
  "evYield": {
    "hp": 9,
    "attack": 0,
    "defence": 0,
    "special_attack": 0,
    "special_defence": 0,
    "speed": 0
  },
  "height": 1,
  "weight": 1,

  "evolutions": [
    {
      "id": "davrialdummy-davrialdummy-evo-level_up",
      "variant": "level_up",
      "result": "davrialdummy",
      "consumeHeldItem": false,
      "requirements": [
        {"variant": "level", "minLevel": 100}
      ],
      "requiredContext": "minecraft:iron_ingot"
    }
  ]
}