{
	"format_version": "1.8.0",
	"animations": {
		"animation.royalgoomba.ground_walk": {
			"loop": true,
			"animation_length": 0.75,
			"bones": {
				"head": {
					"rotation": [15, 0, 0],
					"position": {
						"0.0": [0, 0, 0],
						"0.0833": [0, 2, 0],
						"0.1667": [0, 0, 0],
						"0.3333": [0, 0, 0],
						"0.4167": [0, 2, 0],
						"0.5": [0, 0, 0],
						"0.6667": [0, 0, 0]
					}
				},
				"foot_left": {
					"rotation": {
						"0.0": [0, 0, 0],
						"0.0833": [-45, 0, 0],
						"0.1667": [0, 0, 0],
						"0.4167": [45, 0, 0],
						"0.5": [0, 0, 0],
						"0.6667": [0, 0, 0]
					},
					"position": {
						"0.0": [0, 0, 0],
						"0.0833": [0, 0, -1],
						"0.1667": [0, 0, -2],
						"0.25": [0, 0, -1],
						"0.3333": [0, 0, 0],
						"0.5": [0, 0, 2],
						"0.5833": [0, 0, 1],
						"0.6667": [0, 0, 0]
					}
				},
				"foot_right": {
					"rotation": {
						"0.0": [0, 0, 0],
						"0.0833": [45, 0, 0],
						"0.1667": [0, 0, 0],
						"0.4167": [-45, 0, 0],
						"0.5": [0, 0, 0],
						"0.6667": [0, 0, 0]
					},
					"position": {
						"0.0": [0, 0, 0],
						"0.0833": [0, 0, 1],
						"0.1667": [0, 0, 2],
						"0.25": [0, 0, 1],
						"0.3333": [0, 0, 0],
						"0.5": [0, 0, -2],
						"0.5833": [0, 0, -1],
						"0.6667": [0, 0, 0]
					}
				},
				"body": {
					"rotation": [15, 0, 0],
					"position": {
						"0.0": [0, 0, 0],
						"0.0833": [0, 2, 0],
						"0.1667": [0, 0, 0],
						"0.3333": [0, 0, 0],
						"0.4167": [0, 2, 0],
						"0.5": [0, 0, 0],
						"0.6667": [0, 0, 0]
					}
				},
				"crown": {
					"scale": {
						"0.0": [0.75, 0.75, 0.75],
						"0.75": [0.75, 0.75, 0.75]
					}
				}
			}
		},
		"animation.royalgoomba.ground_idle": {
			"loop": true,
			"animation_length": 4,
			"bones": {
				"head": {
					"rotation": {
						"0.0": [0, 0, 0],
						"4.0": [0, 0, 0]
					},
					"position": {
						"0.0": [0, 0, 0],
						"2.0": [0, 0.5, 0],
						"4.0": [0, 0, 0]
					}
				},
				"body": {
					"rotation": {
						"0.0": [0, 0, 0],
						"4.0": [0, 0, 0]
					},
					"position": {
						"0.0": [0, 0, 0],
						"2.0": [0, 0.5, 0],
						"4.0": [0, 0, 0]
					}
				},
				"crown": {
					"scale": {
						"0.0": [0.75, 0.75, 0.75],
						"4.0": [0.75, 0.75, 0.75]
					}
				}
			}
		},
		"animation.royalgoomba.faint": {
			"loop": "hold_on_last_frame",
			"animation_length": 5,
			"bones": {
				"head": {
					"relative_to": {
						"rotation": "entity"
					},
					"rotation": [0, 0, 0.01]
				},
				"foot_left": {
					"rotation": [0, 0, 0],
					"position": {
						"0.0": [0, 0, 0],
						"0.5": [0, -2, 0]
					},
					"scale": {
						"0.0": [1, 1, 1],
						"0.5": [1, 0.5, 1]
					}
				},
				"foot_right": {
					"rotation": [0, 0, 0],
					"position": {
						"0.0": [0, 0, 0],
						"0.5": [0, -2, 0]
					},
					"scale": {
						"0.0": [1, 1, 1],
						"0.5": [1, 0.5, 1]
					}
				},
				"body": {
					"rotation": [0, 0, 0],
					"position": {
						"0.0": [0, 0, 0],
						"0.0833": [0, -1, 0],
						"0.1667": [0, -2, 0],
						"0.5": [0, -6, 0]
					},
					"scale": {
						"0.0": [1, 1, 1],
						"0.25": [1, 0.9, 1],
						"0.3333": [1, 0.75, 1],
						"0.4167": [1, 0.5, 1],
						"0.5": [1, 0.25, 1]
					}
				},
				"crown": {
					"rotation": {
						"0.0": [0, 0, 0],
						"0.25": [0, 0, -180]
					},
					"position": {
						"0.0": [0, 0, 0],
						"0.0833": [-4, 3, 0],
						"0.5": [-16, -21, 0]
					},
					"scale": 0.75
				},
				"main_head": {
					"rotation": [0, 0, 0],
					"position": {
						"0.0": [0, 0, 0],
						"0.0833": [0, -1, 0],
						"0.1667": [0, -2, 0],
						"0.25": [0, -3, 0],
						"0.3333": [0, -4, 0],
						"0.4167": [0, -5, 0],
						"0.5": [0, -6, 0]
					},
					"scale": {
						"0.0": [1, 1, 1],
						"0.25": [1, 0.9, 1],
						"0.3333": [1, 0.75, 1],
						"0.4167": [1, 0.5, 1],
						"0.5": [1, 0.25, 1]
					}
				}
			}
		},
		"animation.royalgoomba.sleep": {
			"loop": true,
			"animation_length": 4,
			"bones": {
				"head": {
					"rotation": {
						"0.0": [16, 0, 0],
						"2.0": [8, 0, 0],
						"4.0": [16, 0, 0]
					},
					"position": {
						"0.0": [0, 0, 0],
						"2.0": [0, 0.5, 0],
						"4.0": [0, 0, 0]
					}
				},
				"body": {
					"rotation": {
						"0.0": [0, 0, 0],
						"4.0": [0, 0, 0]
					},
					"position": {
						"0.0": [0, 0, 0],
						"2.0": [0, 0.25, 0],
						"4.0": [0, 0, 0]
					}
				},
				"foot_left": {
					"rotation": [0, -15, 0]
				},
				"foot_right": {
					"rotation": [0, 15, 0]
				},
				"crown": {
					"scale": {
						"0.0": [0.75, 0.75, 0.75],
						"4.0": [0.75, 0.75, 0.75]
					}
				},
				"left_eyelid": {
					"position": [0, 0, -0.1]
				},
				"right_eyelid": {
					"position": [0, 0, -0.1]
				}
			}
		},
		"animation.royalgoomba.blink": {
			"animation_length": 0.2917,
			"bones": {
				"right_eyelid": {
					"position": {
						"0.0": [0, 0, -0.1],
						"0.1667": [0, 0, -0.1],
						"0.25": {
							"pre": [0, 0, -0.1],
							"post": [0, 0, 0]
						}
					}
				},
				"left_eyelid": {
					"position": {
						"0.0": [0, 0, -0.1],
						"0.1667": [0, 0, -0.1],
						"0.25": {
							"pre": [0, 0, -0.1],
							"post": [0, 0, 0]
						}
					}
				},
				"crown": {
					"scale": {
						"0.0": [0.75, 0.75, 0.75],
						"0.25": [0.75, 0.75, 0.75]
					}
				}
			}
		},
		"animation.royalgoomba.ground_quirk": {
			"animation_length": 4.875,
			"bones": {
				"left_pupil": {
					"position": {
						"0.0": [0, 0, 0],
						"0.4583": [0, 0, 0],
						"0.5": [0.25, -1, 0],
						"4.75": [0.25, -1, 0],
						"4.7917": {
							"pre": [0.25, -1, 0],
							"post": [0, 0, 0]
						}
					}
				},
				"left_eyelid": {
					"position": {
						"0.0": [0, 0, -0.1],
						"0.125": [0, 0, -0.1],
						"0.1667": {
							"pre": [0, 0, -0.1],
							"post": [0, 0, 0]
						},
						"0.375": {
							"pre": [0, 0, 0],
							"post": [0, 0, -0.1]
						},
						"0.5": [0, 0, -0.1],
						"0.7083": {
							"pre": [0, 0, -0.1],
							"post": [0, 0, 0]
						},
						"0.75": [0, 0, 0],
						"4.75": [0, 0, 0],
						"4.7917": {
							"pre": [0, 0, 0],
							"post": [0, 0, -0.1]
						},
						"4.875": {
							"pre": [0, 0, -0.1],
							"post": [0, 0, 0]
						}
					}
				},
				"right_pupil": {
					"position": {
						"0.0": [0, 0, 0],
						"0.4583": [0, 0, 0],
						"0.5": [-0.5, 1, 0],
						"4.75": [-0.5, 1, 0],
						"4.7917": {
							"pre": [-0.5, 1, 0],
							"post": [0, 0, 0]
						}
					}
				},
				"right_eyelid": {
					"position": {
						"0.0": [0, 0, -0.1],
						"0.125": [0, 0, -0.1],
						"0.1667": {
							"pre": [0, 0, -0.1],
							"post": [0, 0, 0]
						},
						"0.375": {
							"pre": [0, 0, 0],
							"post": [0, 0, -0.1]
						},
						"0.5": [0, 0, -0.1],
						"0.7083": {
							"pre": [0, 0, -0.1],
							"post": [0, 0, 0]
						},
						"0.75": [0, 0, 0],
						"4.75": [0, 0, 0],
						"4.7917": {
							"pre": [0, 0, 0],
							"post": [0, 0, -0.1]
						},
						"4.875": {
							"pre": [0, 0, -0.1],
							"post": [0, 0, 0]
						}
					}
				},
				"crown": {
					"scale": {
						"0.0": [0.75, 0.75, 0.75],
						"4.875": [0.75, 0.75, 0.75]
					}
				}
			}
		},
		"animation.royalgoomba.physical": {
			"animation_length": 1,
			"bones": {
				"diving_helmet": {
					"scale": 0.01
				},
				"innertube": {
					"scale": 0.01
				},
				"head": {
					"rotation": {
						"0.0": [0, 0, 0],
						"0.2222": [-7.5, 0, 0],
						"0.3889": [0, 0, 0],
						"0.5": [5, 0, 0],
						"0.6111": [0, 0, 0]
					},
					"position": {
						"0.0": [0, 0, 0],
						"0.2222": [0, 0, 1],
						"0.3889": [0, 0, -1],
						"0.5": [0, 0, -1],
						"0.5556": [0, 0, 0],
						"0.6111": [0, 0, 0]
					}
				},
				"left_eyebrow": {
					"rotation": [0, 0, 5],
					"position": [0, -0.5, 0]
				},
				"right_eyebrow": {
					"rotation": [0, 0, -5],
					"position": [0, -0.5, 0]
				},
				"jaw": {
					"rotation": {
						"0.0": [0, 0, 0],
						"0.2222": [10, 0, 0],
						"0.3889": [20, 0, 0],
						"0.5556": {
							"pre": [20, 0, 0],
							"post": [0, 0, 0]
						}
					},
					"position": {
						"0.0": [0, 0, 0],
						"0.3889": [0, 0, -0.75],
						"0.5": [0, 0, -0.75],
						"0.6667": {
							"pre": [0, 0, -1],
							"post": [0, 0, -1],
							"lerp_mode": "catmullrom"
						},
						"0.7222": {
							"post": [0, 0, 0],
							"lerp_mode": "catmullrom"
						}
					}
				},
				"foot_left": {
					"rotation": [0, -15, 0],
					"position": [0, 0, -1]
				},
				"foot_right": {
					"rotation": [0, 15, 0],
					"position": [0, 0, -1]
				},
				"body": {
					"rotation": {
						"0.0": [0, 0, 0],
						"0.2222": [-5, 0, 0],
						"0.3889": [2.5, 0, 0],
						"0.5": [7.5, 0, 0],
						"0.5556": [2.5, 0, 0],
						"0.6111": [0, 0, 0]
					},
					"position": [0, 0, 0]
				},
				"crown": {
					"scale": {
						"0.0": [0.75, 0.75, 0.75],
						"1.0": [0.75, 0.75, 0.75]
					}
				}
			}
		},
		"animation.royalgoomba.special": {
			"animation_length": 1,
			"bones": {
				"diving_helmet": {
					"scale": 0.01
				},
				"innertube": {
					"scale": 0.01
				},
				"head": {
					"rotation": {
						"0.0": [0, 0, 0],
						"0.125": {
							"pre": [-10, 0, 0],
							"post": [-10, 0, 0],
							"lerp_mode": "catmullrom"
						},
						"0.5": {
							"post": [-10, 0, 0],
							"lerp_mode": "catmullrom"
						},
						"0.75": {
							"post": [0, 0, 0],
							"lerp_mode": "catmullrom"
						},
						"1.0": [0, 0, 0]
					},
					"position": {
						"0.0": [0, 0, 0],
						"0.125": [0, 0, -1],
						"1.0": [0, 0, 0]
					}
				},
				"left_eyebrow": {
					"rotation": [0, 0, 15],
					"position": [0, -0.5, 0]
				},
				"right_eyebrow": {
					"rotation": [0, 0, -15],
					"position": [0, -0.5, 0]
				},
				"jaw": {
					"rotation": {
						"0.0": [0, 0, 0],
						"0.0417": [0, 0, 0],
						"0.125": {
							"pre": [15, 0, 0],
							"post": [15, 0, 0],
							"lerp_mode": "catmullrom"
						},
						"0.2917": {
							"post": [30, 0, 0],
							"lerp_mode": "catmullrom"
						},
						"0.5": {
							"post": [20, 0, 0],
							"lerp_mode": "catmullrom"
						},
						"0.75": {
							"post": [2, 0, 0],
							"lerp_mode": "catmullrom"
						},
						"0.875": {
							"post": [0, 0, 0],
							"lerp_mode": "catmullrom"
						},
						"1.0": [0, 0, 0]
					}
				},
				"foot_left": {
					"rotation": [0, -15, 0],
					"position": [0, 0, -1]
				},
				"foot_right": {
					"rotation": [0, 15, 0],
					"position": [0, 0, -1]
				},
				"body": {
					"position": {
						"0.0": [0, 0, 0],
						"0.125": [0, 0, -0.5],
						"1.0": [0, 0, 0]
					}
				},
				"crown": {
					"scale": {
						"0.0": [0.75, 0.75, 0.75],
						"1.0": [0.75, 0.75, 0.75]
					}
				}
			}
		},
		"animation.royalgoomba.status": {
			"animation_length": 1,
			"bones": {
				"diving_helmet": {
					"scale": 0.01
				},
				"innertube": {
					"scale": 0.01
				},
				"head": {
					"rotation": {
						"0.0": [0, 0, 0],
						"0.125": {
							"pre": [-10, 0, 0],
							"post": [-10, 0, 0],
							"lerp_mode": "catmullrom"
						},
						"0.625": {
							"post": [-10, 0, 0],
							"lerp_mode": "catmullrom"
						},
						"0.875": {
							"post": [0, 0, 0],
							"lerp_mode": "catmullrom"
						},
						"1.0": [0, 0, 0]
					}
				},
				"left_eyebrow": {
					"rotation": [0, 0, -5]
				},
				"right_eyebrow": {
					"rotation": [0, 0, 5]
				},
				"jaw": {
					"rotation": {
						"0.0": [0, 0, 0],
						"0.0417": [0, 0, 0],
						"0.125": {
							"pre": [10, 0, 0],
							"post": [10, 0, 0],
							"lerp_mode": "catmullrom"
						},
						"0.2917": {
							"post": [20, 0, 0],
							"lerp_mode": "catmullrom"
						},
						"0.5": {
							"post": [15, 0, 0],
							"lerp_mode": "catmullrom"
						},
						"0.75": {
							"post": [2, 0, 0],
							"lerp_mode": "catmullrom"
						},
						"0.875": {
							"post": [0, 0, 0],
							"lerp_mode": "catmullrom"
						},
						"1.0": [0, 0, 0]
					}
				},
				"foot_left": {
					"rotation": [0, -15, 0],
					"position": [0, 0, -1]
				},
				"foot_right": {
					"rotation": [0, 15, 0],
					"position": [0, 0, -1]
				},
				"crown": {
					"scale": {
						"0.0": [0.75, 0.75, 0.75],
						"1.0": [0.75, 0.75, 0.75]
					}
				}
			}
		},
		"animation.royalgoomba.cry": {
			"animation_length": 1,
			"bones": {
				"diving_helmet": {
					"scale": 0.01
				},
				"innertube": {
					"scale": 0.01
				},
				"head": {
					"rotation": {
						"0.0": [0, 0, 0],
						"0.0833": {
							"pre": [-10, 0, 0],
							"post": [-10, 0, 0],
							"lerp_mode": "catmullrom"
						},
						"0.3333": {
							"post": [-10.59, 0, 0],
							"lerp_mode": "catmullrom"
						},
						"0.5": {
							"post": [-3.55, 0, 0],
							"lerp_mode": "catmullrom"
						},
						"0.75": {
							"post": [0, 0, 0],
							"lerp_mode": "catmullrom"
						},
						"1.0": [0, 0, 0]
					}
				},
				"jaw": {
					"rotation": {
						"0.0": [0, 0, 0],
						"0.0417": [0, 0, 0],
						"0.125": {
							"pre": [10, 0, 0],
							"post": [10, 0, 0],
							"lerp_mode": "catmullrom"
						},
						"0.2917": {
							"post": [20, 0, 0],
							"lerp_mode": "catmullrom"
						},
						"0.5": {
							"post": [15, 0, 0],
							"lerp_mode": "catmullrom"
						},
						"0.75": {
							"post": [2, 0, 0],
							"lerp_mode": "catmullrom"
						},
						"0.875": {
							"post": [0, 0, 0],
							"lerp_mode": "catmullrom"
						},
						"1.0": [0, 0, 0]
					}
				},
				"crown": {
					"scale": {
						"0.0": [0.75, 0.75, 0.75],
						"1.0": [0.75, 0.75, 0.75]
					}
				}
			}
		},
		"animation.royalgoomba.recoil": {
			"animation_length": 1.5,
			"bones": {
				"diving_helmet": {
					"scale": 0.01
				},
				"innertube": {
					"scale": 0.01
				},
				"ltelt": {
					"rotation": {
						"0.0": [0, 0, 0],
						"0.2917": [0, 0, 0]
					},
					"position": {
						"0.0": [0, 0, 0],
						"0.0833": [0, -0.5, 0],
						"0.2083": [0, -0.5, 0],
						"0.2917": [0, 0, 0]
					}
				},
				"ltelb": {
					"rotation": {
						"0.0": [0, 0, 0],
						"0.2917": [0, 0, 0]
					},
					"position": {
						"0.0": [0, 0, 0],
						"0.0833": [0, -1.5, 0],
						"0.2083": [0, -1.5, 0],
						"0.2917": [0, 0, 0]
					}
				},
				"lbelt": {
					"rotation": {
						"0.0": [0, 0, 0],
						"0.2917": [0, 0, 0]
					},
					"position": {
						"0.0": [0, 0, 0],
						"0.0833": [0, 2, 0],
						"0.2083": [0, 2, 0],
						"0.2917": [0, 0, 0]
					}
				},
				"lbelb": {
					"rotation": {
						"0.0": [0, 0, 0],
						"0.2917": [0, 0, 0]
					},
					"position": {
						"0.0": [0, 0, 0],
						"0.0833": [0, 1, 0],
						"0.2083": [0, 1, 0],
						"0.2917": [0, 0, 0]
					}
				},
				"rtelt": {
					"rotation": {
						"0.0": [0, 0, 0],
						"0.2917": [0, 0, 0]
					},
					"position": {
						"0.0": [0, 0, 0],
						"0.0833": [0, -0.5, 0],
						"0.2083": [0, -0.5, 0],
						"0.2917": [0, 0, 0]
					}
				},
				"rtelb": {
					"rotation": {
						"0.0": [0, 0, 0],
						"0.2917": [0, 0, 0]
					},
					"position": {
						"0.0": [0, 0, 0],
						"0.0833": [0, -1.5, 0],
						"0.2083": [0, -1.5, 0],
						"0.2917": [0, 0, 0]
					}
				},
				"rbelt": {
					"rotation": {
						"0.0": [0, 0, 0],
						"0.2917": [0, 0, 0]
					},
					"position": {
						"0.0": [0, 0, 0],
						"0.0833": [0, 2, 0],
						"0.2083": [0, 2, 0],
						"0.2917": [0, 0, 0]
					}
				},
				"rebelb": {
					"rotation": {
						"0.0": [0, 0, 0],
						"0.2917": [0, 0, 0]
					},
					"position": {
						"0.0": [0, 0, 0],
						"0.0833": [0, 1, 0],
						"0.2083": [0, 1, 0],
						"0.2917": [0, 0, 0]
					}
				},
				"head": {
					"rotation": {
						"0.0": [0, 0, 0],
						"0.125": {
							"pre": [-8, 1, 0],
							"post": [-8, 1, 0],
							"lerp_mode": "catmullrom"
						},
						"0.8333": {
							"post": [1, 0, 0],
							"lerp_mode": "catmullrom"
						},
						"1.5": [0, 0, 0]
					},
					"position": {
						"0.0": [0, 0, 0],
						"0.125": [0, 0, 1],
						"0.8333": [0, 0, 0]
					}
				},
				"crown": {
					"position": {
						"0.0": [0, 0, 0],
						"0.0833": [0, 2, 0],
						"0.1667": [0, 0, 0]
					},
					"scale": {
						"0.0": [0.75, 0.75, 0.75],
						"1.5": [0.75, 0.75, 0.75]
					}
				},
				"left_eyebrow": {
					"rotation": [0, 0, 0],
					"position": {
						"0.0": [0, 0, 0],
						"0.0417": [0, 1, 0],
						"1.0": [0, 1, 0],
						"1.5": [0, 0, 0]
					}
				},
				"right_eyebrow": {
					"rotation": [0, 0, 0],
					"position": {
						"0.0": [0, 0, 0],
						"0.0417": [0, 1, 0],
						"1.0": [0, 1, 0],
						"1.5": [0, 0, 0]
					}
				},
				"jaw": {
					"rotation": {
						"0.0": [0, 0, 0],
						"0.0417": [0, 0, 0],
						"0.125": [5, 0, 0],
						"0.2917": [10, 0, 0],
						"0.5": [7.5, 0, 0],
						"0.75": [2, 0, 0],
						"0.875": [0, 0, 0]
					}
				},
				"body": {
					"rotation": {
						"0.0": [0, 0, 0],
						"0.125": {
							"pre": [-8, 1, 0],
							"post": [-8, 1, 0],
							"lerp_mode": "catmullrom"
						},
						"0.8333": {
							"post": [1, 0, 0],
							"lerp_mode": "catmullrom"
						},
						"1.5": [0, 0, 0]
					},
					"position": {
						"0.0": [0, 0, 0],
						"0.125": [0, 0, 1],
						"0.8333": [0, 0, 0]
					}
				}
			}
		}
	}
}