{
	"format_version": "1.12.0",
	"minecraft:geometry": [
		{
			"description": {
				"identifier": "geometry.koopa",
				"texture_width": 128,
				"texture_height": 128,
				"visible_bounds_width": 6,
				"visible_bounds_height": 4.5,
				"visible_bounds_offset": [0, 1.75, 0]
			},
			"bones": [
				{
					"name": "koopa",
					"pivot": [0, 0, 0]
				},
				{
					"name": "koopa2",
					"parent": "koopa",
					"pivot": [0, 0, 0],
					"rotation": [0, -90, 0]
				},
				{
					"name": "neck",
					"parent": "koopa2",
					"pivot": [-2.5, 22, 0],
					"cubes": [
						{"origin": [-4, 22, -1.5], "size": [3, 6, 3], "uv": [82, 43]},
						{"origin": [-6.5, 23, -3.5], "size": [7, 3, 7], "uv": [2, 95]}
					]
				},
				{
					"name": "head",
					"parent": "koopa2",
					"pivot": [-5.125, 28.25, 0],
					"cubes": [
						{"origin": [-5, 27, -8], "size": [8, 8, 16], "uv": [50, 36]},
						{"origin": [-4, 34, -6], "size": [6, 9, 12], "uv": [26, 59]},
						{"origin": [-15, 27, -4.5], "size": [10, 10, 9], "uv": [0, 52]},
						{"origin": [-13, 26, -3.5], "size": [9, 3, 7], "uv": [32, 80]},
						{"origin": [-4.5, 32, -9], "size": [0, 16, 18], "uv": [33, 94]}
					]
				},
				{
					"name": "arm2",
					"parent": "koopa2",
					"pivot": [-2.5, 20.5, 7.5],
					"cubes": [
						{"origin": [-4, 19, 7], "size": [3, 3, 7], "uv": [50, 60]}
					]
				},
				{
					"name": "forearm2",
					"parent": "arm2",
					"pivot": [-3, 20.5, 14],
					"cubes": [
						{"origin": [-8, 19, 12.5], "size": [6, 3, 3], "uv": [0, 8]},
						{"origin": [-6.5, 18, 11.5], "size": [3, 5, 5], "inflate": -0.5, "uv": [2, 118]}
					]
				},
				{
					"name": "hand2",
					"parent": "forearm2",
					"pivot": [-6, 20.5, 14],
					"cubes": [
						{"origin": [-12, 17.5, 11], "size": [6, 6, 6], "uv": [104, 18]}
					]
				},
				{
					"name": "arm1",
					"parent": "koopa2",
					"pivot": [-2.5, 20.5, -7.5],
					"cubes": [
						{"origin": [-4, 19, -14], "size": [3, 3, 7], "uv": [80, 60]}
					]
				},
				{
					"name": "forearm1",
					"parent": "arm1",
					"pivot": [-3, 20.5, -14],
					"cubes": [
						{"origin": [-8, 19, -15.5], "size": [6, 3, 3], "uv": [29, 52]},
						{"origin": [-6.5, 18, -16.5], "size": [3, 5, 5], "inflate": -0.5, "uv": [2, 118]}
					]
				},
				{
					"name": "hand1",
					"parent": "forearm1",
					"pivot": [-6, 20.5, -14],
					"cubes": [
						{"origin": [-12, 17.5, -17], "size": [6, 6, 6], "uv": [104, 30]}
					]
				},
				{
					"name": "leg1",
					"parent": "koopa2",
					"pivot": [-2.75, 8.25, -4.5],
					"cubes": [
						{"origin": [-10, 0, -8.5], "size": [10, 7, 8], "uv": [22, 1]},
						{"origin": [-4, 3, -6], "size": [3, 6, 3], "uv": [0, 71]}
					]
				},
				{
					"name": "tail",
					"parent": "koopa2",
					"pivot": [0.53043, 8.68525, -0.01706],
					"cubes": [
						{"origin": [-3.46957, 6.68525, -1.01706], "size": [10, 2, 2], "pivot": [1.53043, 7.68525, -0.01706], "rotation": [-2.21756, -1.59689, 22.3665], "uv": [50, 32]}
					]
				},
				{
					"name": "leg2",
					"parent": "koopa2",
					"pivot": [-2.75, 7.25, 4.5],
					"cubes": [
						{"origin": [-4, 3, 3], "size": [3, 6, 3], "uv": [82, 32]},
						{"origin": [-10, 0, 0.5], "size": [10, 7, 8], "uv": [76, 1]}
					]
				},
				{
					"name": "shell",
					"parent": "koopa2",
					"pivot": [0, 17, 0],
					"cubes": [
						{"origin": [-1, 7, -9], "size": [2, 18, 18], "uv": [0, 0]},
						{"origin": [0, 8, -8], "size": [5, 16, 16], "uv": [50, 0]},
						{"origin": [5, 12, -7], "size": [2, 8, 14], "uv": [0, 71]},
						{"origin": [7, 12, -4], "size": [2, 8, 8], "uv": [0, 36]},
						{"origin": [-7, 12, -7], "size": [2, 8, 14], "uv": [62, 60]},
						{"origin": [5, 9, -4], "size": [2, 14, 8], "uv": [76, 82]},
						{"origin": [-7, 9, -4], "size": [2, 14, 8], "uv": [56, 82]},
						{"origin": [-5, 8, -8], "size": [5, 16, 16], "uv": [24, 20]}
					]
				},
				{
					"name": "spikes",
					"parent": "shell",
					"pivot": [-7, 0, 0]
				},
				{
					"name": "bone",
					"parent": "spikes",
					"pivot": [8, 15.5, 0.5],
					"cubes": [
						{"origin": [9, 14.5, -1.5], "size": [2, 3, 3], "uv": [119, 123]},
						{"origin": [11, 15, -1], "size": [2, 2, 2], "uv": [120, 124]},
						{"origin": [13, 15.5, -0.5], "size": [2, 1, 1], "uv": [121, 125]}
					]
				},
				{
					"name": "bone12",
					"parent": "spikes",
					"pivot": [5.25, 15.5, 3.25],
					"rotation": [0, -45, 0],
					"cubes": [
						{"origin": [6.25, 14.5, 1.25], "size": [2, 3, 3], "uv": [119, 123]},
						{"origin": [8.25, 15, 1.75], "size": [2, 2, 2], "uv": [120, 124]},
						{"origin": [10.25, 15.5, 2.25], "size": [2, 1, 1], "uv": [121, 125]}
					]
				},
				{
					"name": "bone13",
					"parent": "spikes",
					"pivot": [5.25, 15.5, -3.25],
					"rotation": [0, 45, 0],
					"cubes": [
						{"origin": [6.25, 14.5, -4.25], "size": [2, 3, 3], "uv": [119, 123]},
						{"origin": [8.25, 15, -3.75], "size": [2, 2, 2], "uv": [120, 124]},
						{"origin": [10.25, 15.5, -3.25], "size": [2, 1, 1], "uv": [121, 125]}
					]
				},
				{
					"name": "bone10",
					"parent": "spikes",
					"pivot": [6, 18.5, 0.5],
					"rotation": [0, 0, -45],
					"cubes": [
						{"origin": [7, 17.5, -1.5], "size": [2, 3, 3], "uv": [119, 123]},
						{"origin": [9, 18, -1], "size": [2, 2, 2], "uv": [120, 124]},
						{"origin": [11, 18.5, -0.5], "size": [2, 1, 1], "uv": [121, 125]}
					]
				},
				{
					"name": "bone11",
					"parent": "spikes",
					"pivot": [5.25, 12.75, 0.5],
					"rotation": [0, 0, -45],
					"cubes": [
						{"origin": [4.25, 9.75, -1.5], "size": [3, 2, 3], "uv": [116, 123]},
						{"origin": [4.75, 7.75, -1], "size": [2, 2, 2], "uv": [117, 124]},
						{"origin": [5.25, 5.75, -0.5], "size": [1, 2, 1], "uv": [118, 125]}
					]
				},
				{
					"name": "bone4",
					"parent": "spikes",
					"pivot": [5, 15.5, -12],
					"rotation": [0, 90, 0],
					"cubes": [
						{"origin": [0, 14.5, -14], "size": [2, 3, 3], "uv": [119, 123]},
						{"origin": [2, 15, -13.5], "size": [2, 2, 2], "uv": [120, 124]},
						{"origin": [4, 15.5, -13], "size": [2, 1, 1], "uv": [121, 125]}
					]
				},
				{
					"name": "bone5",
					"parent": "spikes",
					"pivot": [5, 15.5, 12],
					"rotation": [0, -90, 0],
					"cubes": [
						{"origin": [0, 14.5, 11], "size": [2, 3, 3], "uv": [119, 123]},
						{"origin": [2, 15, 11.5], "size": [2, 2, 2], "uv": [120, 124]},
						{"origin": [4, 15.5, 12], "size": [2, 1, 1], "uv": [121, 125]}
					]
				},
				{
					"name": "bone6",
					"parent": "spikes",
					"pivot": [3.45832, 22.95452, 6.75],
					"rotation": [0, -45, -90],
					"cubes": [
						{"origin": [3.45832, 21.45452, 5.25], "size": [2, 3, 3], "uv": [119, 123]},
						{"origin": [5.45832, 21.95452, 5.75], "size": [2, 2, 2], "uv": [120, 124]},
						{"origin": [7.45832, 22.45452, 6.25], "size": [2, 1, 1], "uv": [121, 125]}
					]
				},
				{
					"name": "bone7",
					"parent": "spikes",
					"pivot": [3.45832, 22.95452, -6.75],
					"rotation": [0, 45, -90],
					"cubes": [
						{"origin": [3.45832, 21.45452, -8.25], "size": [2, 3, 3], "uv": [119, 123]},
						{"origin": [5.45832, 21.95452, -7.75], "size": [2, 2, 2], "uv": [120, 124]},
						{"origin": [7.45832, 22.45452, -7.25], "size": [2, 1, 1], "uv": [121, 125]}
					]
				},
				{
					"name": "bone8",
					"parent": "spikes",
					"pivot": [3.45832, 9.45452, -6.75],
					"rotation": [0, 45, -90],
					"cubes": [
						{"origin": [1.95832, 7.95452, -8.75], "size": [3, 3, 2], "uv": [119, 123]},
						{"origin": [2.45832, 8.45452, -10.75], "size": [2, 2, 2], "uv": [120, 124]},
						{"origin": [2.95832, 8.95452, -12.75], "size": [1, 1, 2], "uv": [121, 125]}
					]
				},
				{
					"name": "bone9",
					"parent": "spikes",
					"pivot": [3.45832, 9.45452, 6.75],
					"rotation": [0, -45, -90],
					"cubes": [
						{"origin": [1.95832, 7.95452, 6.75], "size": [3, 3, 2], "uv": [119, 123]},
						{"origin": [2.45832, 8.45452, 8.75], "size": [2, 2, 2], "uv": [120, 124]},
						{"origin": [2.95832, 8.95452, 10.75], "size": [1, 1, 2], "uv": [121, 125]}
					]
				},
				{
					"name": "bone2",
					"parent": "spikes",
					"pivot": [5, 28, 0.5],
					"rotation": [0, 0, -90],
					"cubes": [
						{"origin": [0, 27, -1.5], "size": [2, 3, 3], "uv": [119, 123]},
						{"origin": [2, 27.5, -1], "size": [2, 2, 2], "uv": [120, 124]},
						{"origin": [4, 28, -0.5], "size": [2, 1, 1], "uv": [121, 125]}
					]
				},
				{
					"name": "bone3",
					"parent": "spikes",
					"pivot": [5, 4, -0.5],
					"rotation": [0, 0, -90],
					"cubes": [
						{"origin": [8, 3, -1.5], "size": [2, 3, 3], "uv": [119, 123]},
						{"origin": [6, 3.5, -1], "size": [2, 2, 2], "uv": [120, 124]},
						{"origin": [4, 4, -0.5], "size": [2, 1, 1], "uv": [121, 125]}
					]
				}
			]
		}
	]
}