{
  "implemented": true,
  "name": "hyperparagoomba",
  "nationalPokedexNumber": 65005,
  "primaryType": "grass",
  "secondaryType": "flying",
  "abilities": [
    "angerpoint",
    "berserk",
    "h:defiant"
  ],
  "baseStats": {
    "hp": 86,
    "attack": 46,
    "defence": 46,
    "special_attack": 46,
    "special_defence": 45,
    "speed": 180
  },
  "behaviour": {
    "resting": {
      "canSleep": true,
      "depth": "normal",
      "light": "0-15",
      "willSleepOnBed": false,
      "times": "167-11834,13702-22300"
    },
    "moving": {
      "canLook": true,
      "walk": {
        "canWalk": true,
        "avoidsLand": false
      },
      "swim": {
        "swimSpeed": 0.3,
        "canSwimInWater": true,
        "canBreatheUnderwater": false
      },
      "fly": {
        "canFly": false,
        "flySpeedHorizontal": 0.3
      },
      "wanderChance": 100
    }
  },
  "catchRate": 75,
  "maleRatio": 0.86,
  "shoulderMountable": false,
  "baseExperienceYield": 100,
  "experienceGroup": "fluctuating",
  "eggCycles": 10,
  "eggGroups": [
    "field"
  ],
  "drops": {
    "amount": 1,
    "entries": [
      {
        "item": "minecraft:leather_boots",
        "quantityRange": "1-1",
        "percentage": 22
      }
    ]
  },



  "moves": [
    "1:tackle",
    "1:leer",
    "1:quickattack",
    "1:bite",
    "1:headbutt",
    "12:sandattack",
    "13:gust",
    "14:growth",
    "15:astonish",
    "16:whirlwind",
    "18:charge",
    "19:mudslap",
    "21:twister",
    "21:hyperfang",
    "23:flail",
    "25:featherdance",
    "25:bulkup",
    "27:bounce",
    "29:agility",
    "29:focusenergy ",
    "31:crunch",
    "33:wingattack",
    "33:psychup",
    "35:bodyslam",
    "38:roost",
    "38:swordsdance",
    "41:doubleedge",
    "44:tailwind",
    "44:dragondance",
    "47:superfang",
    "52:aerialace",
    "52:quiverdance",
    "55:zenheadbutt",
    "58:airslash",
    "58:hyperbeam",
    "61:swagger",
    "62:skyattack",
    "65:wildcharge",
    "67:endeavor",
    "73:outrage",
    "tm:quickattack",
    "tm:bite",
    "tm:headbutt",
    "tm:sandattack",
    "tm:gust",
    "tm:growth",
    "tm:astonish",
    "tm:whirlwind",
    "tm:charge",
    "tm:mudslap",
    "tm:twister",
    "tm:hyperfang",
    "tm:flail",
    "tm:featherdance",
    "tm:bulkup",
    "tm:bounce",
    "tm:agility",
    "tm:focusenergy ",
    "tm:crunch",
    "tm:wingattack",
    "tm:psychup",
    "tm:bodyslam",
    "tm:roost",
    "tm:swordsdance",
    "tm:doubleedge",
    "tm:tailwind",
    "tm:dragondance",
    "tm:superfang",
    "tm:aerialace",
    "tm:quiverdance",
    "tm:zenheadbutt",
    "tm:airslash",
    "tm:hyperbeam",
    "tm:swagger",
    "tm:skyattack",
    "tm:wildcharge",
    "tm:endeavor",
    "tm:outrage",
    "tm:jumpkick",
    "tm:takedown",
    "tm:hyperbeam",
    "tm:minimize",
    "tm:bide",
    "tm:swift",
    "tm:skullbash",
    "tm:highjumpkick",
    "tm:hyperfang",
    "tm:scaryface",
    "tm:detect",
    "tm:endure",
    "tm:rollout",
    "tm:swagger",
    "tm:meanlook",
    "tm:hiddenpower",
    "tm:memento",
    "tm:slackoff",
    "tm:lastresort",
    "tm:nastyplot",
    "tm:headsmash",
    "tm:acrobatics",
    "tm:finalgambit",
    "tm:workup",
    "tm:mudsport",
    "tm:acid",
    "tm:thunderfang",
    "tm:icefang",
    "tm:firefang",
    "tm:zenheadbutt",
    "egg:thunderfang",
    "egg:icefang",
    "egg:firefang",
    "egg:zenheadbutt",
    "tutor:thunderfang",
    "tutor:icefang",
    "tutor:firefang",
    "tutor:zenheadbutt",
    "tm:snarl",
    "tm:jawlock",
    "tm:lashout",
    "tm:hyperbeam",
    "tm:wildcharge"
  ],






  "labels": [
    "custom",
    "cobblemario"
  ],
  "pokedex": [
    "cobblemon.species.hyperparagoomba.desc1",
    "cobblemon.species.hyperparagoomba.desc2"
  ],
  "preEvolution": "hypergoomba",
  "baseScale": 1.25,
  "hitbox": {
    "width": 1,
    "height": 2,
    "fixed": false
  },
  "baseFriendship": 30,
  "evYield": {
    "hp": 0,
    "attack": 0,
    "defence": 0,
    "special_attack": 0,
    "special_defence": 0,
    "speed": 3
  },
  "height": 45,
  "weight": 150

}