{
  "implemented": true,
  "name": "royalgoomba",
  "nationalPokedexNumber": 64049,
  "primaryType": "normal",
  "abilities": [
    "klutz",
    "simple",
    "h:adaptability"
  ],
  "baseStats": {
    "hp": 100,
    "attack": 64,
    "defence": 64,
    "special_attack": 64,
    "special_defence": 64,
    "speed": 100
  },
  "behaviour": {
    "resting": {
      "canSleep": true,
      "depth": "normal",
      "light": "0-5",
      "willSleepOnBed": false,
      "times": "night"
    },
    "moving": {
      "canLook": true,
      "walk": {
        "canWalk": true,
        "avoidsLand": false
      },
      "swim": {
        "swimSpeed": 0.3,
        "canSwimInWater": true,
        "canBreatheUnderwater": false
      },
      "fly": {
        "canFly": false,
        "flySpeedHorizontal": 0.3
      },
      "wanderChance": 120
    }
  },
  "catchRate": 50,
  "maleRatio": 0.86,
  "shoulderMountable": false,
  "baseExperienceYield": 100,
  "experienceGroup": "fluctuating",
  "eggCycles": 10,
  "eggGroups": [
    "field"
  ],
  "drops": {
    "amount": 1,
    "entries": [
      {
        "item": "minecraft:gold_boots",
        "quantityRange": "1-1",
        "percentage": 22
      }
    ]
  },



  "moves": [
    "1:tackle",
    "1:leer",
    "1:quickattack",
    "1:bite",
    "1:headbutt",
    "12:sandattack",
    "13:slam",
    "14:stomp",
    "15:astonish",
    "16:megakick",
    "18:takedown",
    "19:mudslap",
    "21:thrash",
    "21:facade",
    "23:flail",
    "25:gigaimpact",
    "25:triattack",
    "27:bounce",
    "29:trumpcard",
    "29:growth",
    "31:crunch",
    "33:yawn",
    "33:slackoff",
    "35:bodyslam",
    "38:heavyslam",
    "38:detect",
    "41:doubleedge",
    "44:stompingtantrum",
    "44:wideguard",
    "47:superfang",
    "52:earthquake",
    "52:earthpower",
    "55:zenheadbutt",
    "61:focusenergy",
    "67:endeavor",
    "73:outrage",
    "tm:quickattack",
    "tm:bite",
    "tm:headbutt",
    "tm:sandattack",
    "tm:slam",
    "tm:stomp",
    "tm:astonish",
    "tm:megakick",
    "tm:takedown",
    "tm:mudslap",
    "tm:thrash",
    "tm:facade",
    "tm:flail",
    "tm:gigaimpact",
    "tm:triattack",
    "tm:bounce",
    "tm:trumpcard",
    "tm:growth",
    "tm:crunch",
    "tm:yawn",
    "tm:slackoff",
    "tm:bodyslam",
    "tm:heavyslam",
    "tm:detect",
    "tm:doubleedge",
    "tm:stompingtantrum",
    "tm:wideguard",
    "tm:superfang",
    "tm:earthquake",
    "tm:earthpower",
    "tm:zenheadbutt",
    "tm:focusenergy",
    "tm:endeavor",
    "tm:outrage",
    "tm:jumpkick",
    "tm:takedown",
    "tm:hyperbeam",
    "tm:minimize",
    "tm:bide",
    "tm:swift",
    "tm:skullbash",
    "tm:highjumpkick",
    "tm:hyperfang",
    "tm:scaryface",
    "tm:detect",
    "tm:endure",
    "tm:rollout",
    "tm:swagger",
    "tm:meanlook",
    "tm:hiddenpower",
    "tm:memento",
    "tm:slackoff",
    "tm:lastresort",
    "tm:nastyplot",
    "tm:headsmash",
    "tm:acrobatics",
    "tm:finalgambit",
    "tm:workup",
    "tm:mudsport",
    "tm:acid",
    "tm:thunderfang",
    "tm:icefang",
    "tm:firefang",
    "tm:zenheadbutt",
    "egg:thunderfang",
    "egg:icefang",
    "egg:firefang",
    "egg:zenheadbutt",
    "tutor:thunderfang",
    "tutor:icefang",
    "tutor:firefang",
    "tutor:zenheadbutt",
    "tm:snarl",
    "tm:jawlock",
    "tm:lashout",
    "tm:hyperbeam"
  ],





  "labels": [
    "custom",
    "cobblemario"
  ],
  "pokedex": [
    "cobblemon.species.royalgoomba.desc1",
    "cobblemon.species.royalgoomba.desc2"
  ],
  "preEvolution": "goomba",
  "baseScale": 2,
  "hitbox": {
    "width": 1.75,
    "height": 1.75,
    "fixed": false
  },
  "baseFriendship": 30,
  "evYield": {
    "hp": 3,
    "attack": 0,
    "defence": 0,
    "special_attack": 0,
    "special_defence": 0,
    "speed": 0
  },
  "height": 128,
  "weight": 640
}