{
  "enabled": false,
  "neededInstalledMods": [],
  "neededUninstalledMods": [],
  "spawns": [
    {
      "id": "fire_bro-1",
      "pokemon": "fire_bro",
      "presets": [
        "natural",
        "urban"
      ],
      "type": "pokemon",
      "context": "grounded",
      "bucket": "rare",
      "level": "20-50",
      "weight": 6.0,
      "weightMultiplier": {
        "multiplier": 1.5,
        "condition": {
          "minY": 60,
          "maxY": 160,
          "biomes": [
            "#cobblemon:is_temperate",
            "#cobblemon:is_thermal"
          ]
        }
      },
      "condition": {
        "minY": 32,
        "biomes": [
          "#cobblemon:is_highlands",
          "#cobblemon:is_grassland",
          "#minecraft:is_hill",
          "#cobblemon:is_thermal",
          "#cobblemon:is_volcanic"
        ]
      },
      "anticondition": {
        "biomes": [
          "#cobblemon:is_spooky",
          "#cobblemon:is_jungle",
          "#cobblemon:is_magical",
          "#cobblemon:is_island",
          "#cobblemon:is_ocean",
          "#cobblemon:is_deep_dark",
          "#cobblemon:is_freezing",
          "#forge:is_snowy",
          "#c:snowy",
          "#minecraft:is_nether",
          "#minecraft:is_end"
        ]
      }
    },
    {
      "id": "fire_bro-2",
      "pokemon": "fire_bro",
      "type": "pokemon",
      "context": "grounded",
      "bucket": "uncommon",
      "level": "20-50",
      "weight": 6.0,
      "condition": {
        "minY": 32,
        "biomes": [
          "#cobblemon:is_nether_wasteland",
          "#cobblemon:is_nether_crimson"
        ]
      }
    }
  ]
}