{
  "enabled": true,
  "neededInstalledMods": [],
  "neededUninstalledMods": [],
  "spawns": [
    {
      "id": "paragloomba-1",
      "pokemon": "paragloomba",
      "type": "pokemon",
      "context": "grounded",
      "bucket": "common",
      "level": "18-50",
      "weight": 8.0,
      "weightMultiplier": {
        "multiplier": 1.5,
        "condition": {
          "minY": 0,
          "maxY": 32,
          "biomes": [
            "#cobblemon:is_cave",
            "#c:caves",
            "#cobblemon:is_mushroom",
            "#forge:is_underground",
            "#c:underground"
          ]
        }
      },
      "condition": {
        "canSeeSky": false,
        "maxLight": 4,
        "maxY": 40,
        "biomes": [
          "#minecraft:is_overworld",
          "#cobblemon:is_cave",
          "#c:caves",
          "#forge:is_underground",
          "#c:underground",
          "#cobblemon:is_mushroom",
          "#cobblemon:is_spooky",
          "#forge:is_spooky"
        ]
      },
      "anticondition": {
        "biomes": [
          "#cobblemon:is_jungle",
          "#cobblemon:is_magical",
          "#cobblemon:is_volcanic",
          "#cobblemon:is_island",
          "#forge:is_peak",
          "#c:mountain_peak",
          "#minecraft:is_nether",
          "#minecraft:is_end"
        ]
      }
    }
  ]
}