{
  "implemented": true,
  "name": "bluegoomba",
  "nationalPokedexNumber": 64020,
  "primaryType": "normal",
  "secondaryType": "water",
  "abilities": [
    "klutz",
    "simple",
    "h:adaptability"
  ],
  "baseStats": {
    "hp": 80,
    "attack": 25,
    "defence": 35,
    "special_attack": 35,
    "special_defence": 35,
    "speed": 140
  },
  "behaviour": {
    "combat":{
      "willDefendOwner":true,
      "willDefendSelf":true,
      "willFlee":true
    },
    "resting": {
      "canSleep": true,
      "times": "night",
      "light": "0-4",
      "depth": "normal",
      "willSleepOnBed": false,
      "drowsyChance":0.0333,
      "rouseChance":0.0042
    },
    "moving": {
      "canLook": true,
      "looksAtEntities": true,
      "stepHeight": 0.6,
      "wanderChance": 120,
      "wanderSpeed": 0.75,
      "walk": {
        "canWalk": true,
        "walkSpeed": 0.5
      },
      "swim": {
        "swimSpeed": 0.3,
        "canSwimInWater": true,
        "canBreatheUnderwater": true,
        "canWalkOnWater": true
      },
      "fly": {
        "canFly": false,
        "flySpeedHorizontal": 0.6
      },
      "herd":{
        "maxSize":"2",
        "toleratedLeaders":[
          {
            "pokemon":"bluegoomba",
            "tier":1
          },
          {
            "pokemon":"supergoomba",
            "tier":1
          },
          {
            "pokemon":"redgoomba",
            "tier":2
          },
          {
            "pokemon":"ultragoomba",
            "tier":2
          },
          {
            "pokemon":"bowser",
            "tier":3
          },
          {
            "pokemon":"royalgoomba",
            "tier":4
          },
          {
            "pokemon":"invinshroom",
            "tier":4
          }
        ]
      }
    },
    "fireImmune":false
  },
  "catchRate": 100,
  "maleRatio": 0.86,
  "shoulderMountable": false,
  "baseExperienceYield": 100,
  "experienceGroup": "fluctuating",
  "eggCycles": 10,
  "eggGroups": [
    "field"
  ],
  "drops": {
    "amount": 1,
    "entries": [
      {
        "item": "minecraft:leather_boots",
        "quantityRange": "1-1",
        "percentage": 22
      }
    ]
  },



  "moves": [
    "1:tackle",
    "1:leer",
    "1:quickattack",
    "1:bite",
    "1:headbutt",
    "12:sandattack",
    "13:raindance",
    "15:astonish",
    "17:waterfall",
    "19:mudslap",
    "21:icefang",
    "23:flail",
    "25:aquajet",
    "27:bounce",
    "29:liquidation",
    "31:crunch",
    "33:flipturn",
    "35:bodyslam",
    "37:wavecrash",
    "39:doubleedge",
    "41:muddywater",
    "43:superfang",
    "45:icespinner",
    "47:zenheadbutt",
    "49:frostbreath",
    "51:focusenergy",
    "55:endeavor",
    "59:outrage",
    "tm:quickattack",
    "tm:bite",
    "tm:headbutt",
    "tm:sandattack",
    "tm:raindance",
    "tm:astonish",
    "tm:waterfall",
    "tm:mudslap",
    "tm:icefang",
    "tm:flail",
    "tm:aquajet",
    "tm:bounce",
    "tm:liquidation",
    "tm:crunch",
    "tm:flipturn",
    "tm:bodyslam",
    "tm:wavecrash",
    "tm:doubleedge",
    "tm:muddywater",
    "tm:superfang",
    "tm:icespinner",
    "tm:zenheadbutt",
    "tm:frostbreath",
    "tm:focusenergy",
    "tm:endeavor",
    "tm:outrage",
    "tm:jumpkick",
    "tm:takedown",
    "tm:hyperbeam",
    "tm:minimize",
    "tm:bide",
    "tm:swift",
    "tm:skullbash",
    "tm:highjumpkick",
    "tm:hyperfang",
    "tm:scaryface",
    "tm:detect",
    "tm:endure",
    "tm:rollout",
    "tm:swagger",
    "tm:meanlook",
    "tm:hiddenpower",
    "tm:memento",
    "tm:slackoff",
    "tm:lastresort",
    "tm:nastyplot",
    "tm:headsmash",
    "tm:acrobatics",
    "tm:finalgambit",
    "tm:workup",
    "tm:mudsport",
    "tm:acid",
    "tm:thunderfang",
    "tm:icefang",
    "tm:firefang",
    "tm:zenheadbutt",
    "egg:thunderfang",
    "egg:icefang",
    "egg:firefang",
    "egg:zenheadbutt",
    "tutor:thunderfang",
    "tutor:icefang",
    "tutor:firefang",
    "tutor:zenheadbutt",
    "tm:snarl",
    "tm:jawlock",
    "tm:lashout",
    "tm:hyperbeam"
  ],





  "labels": [
    "custom",
    "cobblemario",
    "goomba"
  ],
  "pokedex": [
    "cobblemon.species.bluegoomba.desc1",
    "cobblemon.species.bluegoomba.desc2"
  ],
  "baseScale": 1.75,
  "hitbox": {
    "width": 1.25,
    "height": 1.25,
    "fixed": false
  },
  "baseFriendship": 30,
  "evYield": {
    "hp": 1,
    "attack": 0,
    "defence": 0,
    "special_attack": 0,
    "special_defence": 0,
    "speed": 1
  },
  "height": 48,
  "weight": 200,

  "preEvolution": "goomba",
  "evolutions": [
    {
      "id": "bluegoomba-royalgoomba-level_up",
      "variant": "level_up",
      "result": "royalgoomba",
      "consumeHeldItem": false,
      "learnableMoves": ["thrash", "wavecrash"],
      "requirements": [
        {"variant": "level", "minLevel": 45}
      ],
      "requiredContext": ""
    }
  ]
}