{
  "implemented": true,
  "name": "gloomba",
  "nationalPokedexNumber": 65007,
  "primaryType": "dark",
  "secondaryType": "normal",
  "abilities": [
    "innerfocus",
    "merciless",
    "h:guts"
  ],
  "baseStats": {
    "hp": 70,
    "attack": 60,
    "defence": 35,
    "special_attack": 60,
    "special_defence": 35,
    "speed": 90
  },
  "behaviour": {
    "combat":{
      "willDefendOwner":true,
      "willDefendSelf":true,
      "willFlee":false
    },
    "resting": {
      "canSleep": true,
      "times": "day",
      "light": "0-2",
      "depth": "comatose",
      "willSleepOnBed": false,
      "drowsyChance":0.0333,
      "rouseChance":0.0042
    },
    "moving": {
      "canLook": true,
      "looksAtEntities": true,
      "stepHeight": 0.6,
      "wanderChance": 120,
      "wanderSpeed": 0.75,
      "walk": {
        "canWalk": true,
        "walkSpeed": 0.5
      },
      "swim": {
        "swimSpeed": 0.15,
        "canSwimInWater": true,
        "canBreatheUnderwater": true,
        "canWalkOnWater": true
      },
      "fly": {
        "canFly": false,
        "flySpeedHorizontal": 0.6
      },
      "herd":{
        "maxSize":"5",
        "toleratedLeaders":[
          {
            "pokemon":"gloomba",
            "tier":1
          },
          {
            "pokemon":"spikedgloomba",
            "tier":2
          },
          {
            "pokemon":"paragloomba",
            "tier":2
          },
          {
            "pokemon":"supergoomba",
            "tier":3
          },
          {
            "pokemon":"ultragoomba",
            "tier":4
          },
          {
            "pokemon":"royalgoomba",
            "tier":4
          },
          {
            "pokemon":"invinshroom",
            "tier":5
          }
        ]
      }
    },
    "fireImmune":false
  },
  "catchRate": 125,
  "maleRatio": 0.86,
  "shoulderMountable": false,
  "baseExperienceYield": 100,
  "experienceGroup": "fluctuating",
  "eggCycles": 10,
  "eggGroups": [
    "field"
  ],
  "drops": {
    "amount": 1,
    "entries": [
      {
        "item": "minecraft:leather_boots",
        "quantityRange": "1-1",
        "percentage": 22
      }
    ]
  },



  "moves": [
    "1:tackle",
    "1:leer",
    "1:quickattack",
    "1:bite",
    "1:headbutt",
    "12:sandattack",
    "13:beatup",
    "15:astonish",
    "17:torment",
    "19:mudslap",
    "21:taunt",
    "23:flail",
    "25:knockoff",
    "27:bounce",
    "29:snatch",
    "31:crunch",
    "33:payback",
    "35:bodyslam",
    "37:assurance",
    "39:doubleedge",
    "41:darkpulse",
    "43:superfang",
    "45:nastyplot",
    "47:zenheadbutt",
    "49:foulplay",
    "51:focusenergy",
    "55:endeavor",
    "59:outrage",
    "tm:quickattack",
    "tm:bite",
    "tm:headbutt",
    "tm:sandattack",
    "tm:beatup",
    "tm:astonish",
    "tm:torment",
    "tm:mudslap",
    "tm:taunt",
    "tm:flail",
    "tm:knockoff",
    "tm:bounce",
    "tm:snatch",
    "tm:crunch",
    "tm:payback",
    "tm:bodyslam",
    "tm:assurance",
    "tm:doubleedge",
    "tm:darkpulse",
    "tm:superfang",
    "tm:nastyplot",
    "tm:zenheadbutt",
    "tm:foulplay",
    "tm:focusenergy",
    "tm:endeavor",
    "tm:outrage",
    "tm:jumpkick",
    "tm:takedown",
    "tm:hyperbeam",
    "tm:bide",
    "tm:skullbash",
    "tm:highjumpkick",
    "tm:hyperfang",
    "tm:scaryface",
    "tm:detect",
    "tm:endure",
    "tm:rollout",
    "tm:swagger",
    "tm:meanlook",
    "tm:hiddenpower",
    "tm:memento",
    "tm:lastresort",
    "tm:nastyplot",
    "tm:headsmash",
    "tm:acrobatics",
    "tm:finalgambit",
    "tm:workup",
    "tm:mudsport",
    "tm:acid",
    "tm:thunderfang",
    "tm:icefang",
    "tm:firefang",
    "tm:zenheadbutt",
    "egg:thunderfang",
    "egg:icefang",
    "egg:firefang",
    "egg:zenheadbutt",
    "tutor:thunderfang",
    "tutor:icefang",
    "tutor:firefang",
    "tutor:zenheadbutt",
    "tm:snarl",
    "tm:jawlock",
    "tm:lashout",
    "tm:partingshot"
  ],





  "labels": [
    "custom",
    "cobblemario",
    "goomba"
  ],
  "pokedex": [
    "cobblemon.species.gloomba.desc1",
    "cobblemon.species.gloomba.desc2"
  ],
  "baseScale": 1.25,
  "hitbox": {
    "width": 1,
    "height": 1,
    "fixed": false
  },
  "baseFriendship": 30,
  "evYield": {
    "hp": 1,
    "attack": 0,
    "defence": 0,
    "special_attack": 0,
    "special_defence": 0,
    "speed": 1
  },
  "height": 40,
  "weight": 180,

  "evolutions": [
    {
      "id": "gloomba-spikedgloomba-level_up-vanilla",
      "variant": "level_up",
      "result": "spikedgloomba",
      "consumeHeldItem": false,
      "learnableMoves": ["hornattack"],
      "requirements": [
        {"variant": "level", "minLevel": 30}
      ],
      "requiredContext": "minecraft:iron_ingot"
    },
    {
      "id": "gloomba-spikedgloomba-level_up-vanilla",
      "variant": "level_up",
      "result": "paragloomba",
      "consumeHeldItem": false,
      "learnableMoves": ["bounce"],
      "requirements": [
        {"variant": "level", "minLevel": 30}
      ],
      "requiredContext": "minecraft:feather"
    }
  ],
  "forms": [
    {
      "name": "Paragoomba-Flying",
      "primaryType": "dark",
      "secondaryType": "flying",
      "maleRatio": 0.75,
      "height": 32,
      "weight": 132,
      "pokedex": [
        "cobblemon.species.gloomba-paragoomba.name",
        "cobblemon.species.gloomba-paragoomba.desc"
      ],
      "labels": [
        "custom",
        "cobblemario",
        "goomba",
        "paragoomba"
      ],
      "aspects": [
        "paragoombaflying"
      ],
      "abilities": [
        "klutz",
        "h:klutz"
      ],
      "baseStats": {
        "hp": 70,
        "attack": 60,
        "defence": 35,
        "special_attack": 60,
        "special_defence": 35,
        "speed": 90
      },
      "hitbox": {
        "width": 1,
        "height": 1,
        "fixed": false
      },
      "behaviour": {
        "combat":{
          "willDefendOwner":false,
          "willDefendSelf":true,
          "willFlee":false
        },
        "resting": {
          "canSleep": true,
          "times": "day",
          "light": "0-2",
          "depth": "comatose",
          "willSleepOnBed": false,
          "drowsyChance":0.0333,
          "rouseChance":0.0042
        },
        "moving": {
          "canLook": true,
          "looksAtEntities": true,
          "stepHeight": 1.6,
          "wanderChance": 200,
          "wanderSpeed": 0.75,
          "walk": {
            "canWalk": true,
            "walkSpeed": 0.6
          },
          "swim": {
            "avoidsWater": true,
            "swimSpeed": 0.4,
            "canSwimInWater": true,
            "canBreatheUnderwater": false,
            "canWalkOnWater": true
          },
          "fly": {
            "canFly": true,
            "flySpeedHorizontal": 0.6
          },
          "herd":{
            "maxSize":"4",
            "toleratedLeaders":[
              {
                "pokemon":"gloomba",
                "tier":1
              },
              {
                "pokemon":"spikedgloomba",
                "tier":2
              },
              {
                "pokemon":"paragloomba",
                "tier":3
              },
              {
                "pokemon":"supergoomba",
                "tier":3
              },
              {
                "pokemon":"ultragoomba",
                "tier":4
              },
              {
                "pokemon":"royalgoomba",
                "tier":4
              },
              {
                "pokemon":"invinshroom",
                "tier":5
              }
            ]
          }
        },
        "fireImmune":false
      },
      "moves": [
        "1:tackle",
        "1:leer",
        "1:quickattack",
        "1:bite",
        "1:headbutt",
        "12:sandattack",
        "13:gust",
        "14:beatup",
        "15:astonish",
        "16:whirlwind ",
        "18:torment",
        "19:mudslap",
        "21:twister",
        "21:taunt",
        "23:flail",
        "25:featherdance",
        "25:knockoff",
        "27:bounce",
        "29:agility",
        "29:snatch",
        "31:crunch",
        "33:wingattack",
        "33:payback",
        "35:bodyslam",
        "38:roost",
        "38:assurance",
        "41:doubleedge",
        "44:tailwind",
        "44:darkpulse",
        "47:superfang",
        "52:aerialace",
        "52:nastyplot",
        "55:zenheadbutt",
        "58:airslash",
        "58:foulplay",
        "61:focusenergy",
        "62:skyattack",
        "65:memento",
        "67:endeavor",
        "73:outrage",
        "tm:quickattack",
        "tm:bite",
        "tm:headbutt",
        "tm:sandattack",
        "tm:gust",
        "tm:beatup",
        "tm:astonish",
        "tm:whirlwind ",
        "tm:torment",
        "tm:mudslap",
        "tm:twister",
        "tm:taunt",
        "tm:flail",
        "tm:featherdance",
        "tm:knockoff",
        "tm:bounce",
        "tm:agility",
        "tm:snatch",
        "tm:crunch",
        "tm:wingattack",
        "tm:payback",
        "tm:bodyslam",
        "tm:roost",
        "tm:assurance",
        "tm:doubleedge",
        "tm:tailwind",
        "tm:darkpulse",
        "tm:superfang",
        "tm:aerialace",
        "tm:nastyplot",
        "tm:zenheadbutt",
        "tm:airslash",
        "tm:foulplay",
        "tm:focusenergy",
        "tm:skyattack",
        "tm:memento",
        "tm:endeavor",
        "tm:outrage",
        "tm:jumpkick",
        "tm:takedown",
        "tm:hyperbeam",
        "tm:minimize",
        "tm:bide",
        "tm:swift",
        "tm:skullbash",
        "tm:highjumpkick",
        "tm:hyperfang",
        "tm:scaryface",
        "tm:detect",
        "tm:endure",
        "tm:rollout",
        "tm:swagger",
        "tm:meanlook",
        "tm:hiddenpower",
        "tm:memento",
        "tm:slackoff",
        "tm:lastresort",
        "tm:nastyplot",
        "tm:headsmash",
        "tm:acrobatics",
        "tm:finalgambit",
        "tm:workup",
        "tm:mudsport",
        "tm:acid",
        "tm:thunderfang",
        "tm:icefang",
        "tm:firefang",
        "tm:zenheadbutt",
        "egg:thunderfang",
        "egg:icefang",
        "egg:firefang",
        "egg:zenheadbutt",
        "tutor:thunderfang",
        "tutor:icefang",
        "tutor:firefang",
        "tutor:zenheadbutt",
        "tm:snarl",
        "tm:jawlock",
        "tm:lashout",
        "tm:hyperbeam"
      ],
      "battleOnly": false
    },
    {
      "name": "Paragoomba-Grounded",
      "primaryType": "dark",
      "secondaryType": "flying",
      "maleRatio": 0.75,
      "height": 32,
      "weight": 132,
      "pokedex": [
        "cobblemon.species.gloomba-paragoomba-grounded.name",
        "cobblemon.species.gloomba-paragoomba-grounded.desc"
      ],
      "labels": [
        "custom",
        "cobblemario",
        "goomba",
        "paragoomba"
      ],
      "aspects": [
        "paragoombagrounded"
      ],
      "abilities": [
        "klutz",
        "h:klutz"
      ],
      "baseStats": {
        "hp": 70,
        "attack": 60,
        "defence": 35,
        "special_attack": 60,
        "special_defence": 35,
        "speed": 90
      },
      "hitbox": {
        "width": 1,
        "height": 1,
        "fixed": false
      },
      "behaviour": {
        "combat":{
          "willDefendOwner":false,
          "willDefendSelf":true,
          "willFlee":true
        },
        "resting": {
          "canSleep": true,
          "times": "night",
          "light": "0-4",
          "depth": "normal",
          "willSleepOnBed": false,
          "drowsyChance":0.0333,
          "rouseChance":0.0042
        },
        "moving": {
          "canLook": true,
          "looksAtEntities": true,
          "stepHeight": 1.6,
          "wanderChance": 100,
          "wanderSpeed": 0.75,
          "walk": {
            "canWalk": true,
            "walkSpeed": 0.7
          },
          "swim": {
            "avoidsWater": true,
            "swimSpeed": 0.5,
            "canSwimInWater": true,
            "canBreatheUnderwater": false,
            "canWalkOnWater": true
          },
          "fly": {
            "canFly": false,
            "flySpeedHorizontal": 0.7
          }
        },
        "fireImmune":false
      },
      "battleOnly": true
    },
    {
      "name": "Spiked-Goomba",
      "primaryType": "dark",
      "secondaryType": "steel",
      "maleRatio": 0.75,
      "height": 32,
      "weight": 132,
      "pokedex": [
        "cobblemon.species.gloomba-spikedgoomba.name",
        "cobblemon.species.gloomba-spikedgoomba.desc"
      ],
      "labels": [
        "custom",
        "cobblemario",
        "goomba",
        "spikedgoomba"
      ],
      "aspects": [
        "spikedgoomba"
      ],
      "abilities": [
        "klutz",
        "h:klutz"
      ],
      "baseStats": {
        "hp": 70,
        "attack": 60,
        "defence": 35,
        "special_attack": 60,
        "special_defence": 35,
        "speed": 90
      },
      "hitbox": {
        "width": 1,
        "height": 1,
        "fixed": false
      },
      "behaviour": {
        "combat":{
          "willDefendOwner":true,
          "willDefendSelf":true,
          "willFlee":true
        },
        "resting": {
          "canSleep": true,
          "times": "day",
          "light": "0-2",
          "depth": "comatose",
          "willSleepOnBed": false,
          "drowsyChance":0.0333,
          "rouseChance":0.0042
        },
        "moving": {
          "canLook": true,
          "looksAtEntities": true,
          "stepHeight": 0.6,
          "wanderChance": 120,
          "wanderSpeed": 0.75,
          "walk": {
            "canWalk": true,
            "walkSpeed": 0.5
          },
          "swim": {
            "swimSpeed": 0.3,
            "canSwimInWater": false,
            "canBreatheUnderwater": true,
            "canWalkOnWater": true
          },
          "fly": {
            "canFly": false,
            "flySpeedHorizontal": 0.6
          },
          "herd":{
            "maxSize":"4",
            "toleratedLeaders":[
              {
                "pokemon":"gloomba",
                "tier":1
              },
              {
                "pokemon":"paragloomba",
                "tier":2
              },
              {
                "pokemon":"spikedgloomba",
                "tier":3
              },
              {
                "pokemon":"supergoomba",
                "tier":4
              },
              {
                "pokemon":"ultragoomba",
                "tier":5
              },
              {
                "pokemon":"royalgoomba",
                "tier":5
              },
              {
                "pokemon":"invinshroom",
                "tier":6
              }
            ]
          }
        },
        "fireImmune":false
      },
      "moves": [
        "1:tackle",
        "1:leer",
        "1:quickattack",
        "1:bite",
        "1:headbutt",
        "12:sandattack",
        "13:harden",
        "14:beatup",
        "15:astonish",
        "16:hornattack",
        "18:torment",
        "19:mudslap",
        "21:doubleedge",
        "21:taunt",
        "23:flail",
        "25:focusenergy",
        "25:knockoff",
        "27:bounce",
        "29:sharpen",
        "29:snatch",
        "31:crunch",
        "33:slash",
        "33:payback",
        "35:bodyslam",
        "38:megahorn",
        "38:assurance",
        "41:doubleedge",
        "44:irondefense",
        "44:darkpulse",
        "47:superfang",
        "52:gigaimpact",
        "52:nastyplot",
        "55:zenheadbutt",
        "58:ironhead",
        "58:foulplay",
        "61:drillrun",
        "62:sharpen",
        "65:memento",
        "67:endeavor",
        "73:outrage",
        "tm:quickattack",
        "tm:bite",
        "tm:headbutt",
        "tm:sandattack",
        "tm:harden",
        "tm:beatup",
        "tm:astonish",
        "tm:hornattack",
        "tm:torment",
        "tm:mudslap",
        "tm:doubleedge",
        "tm:taunt",
        "tm:flail",
        "tm:focusenergy",
        "tm:knockoff",
        "tm:bounce",
        "tm:sharpen",
        "tm:snatch",
        "tm:crunch",
        "tm:slash",
        "tm:payback",
        "tm:bodyslam",
        "tm:megahorn",
        "tm:assurance",
        "tm:doubleedge",
        "tm:irondefense",
        "tm:darkpulse",
        "tm:superfang",
        "tm:gigaimpact",
        "tm:nastyplot",
        "tm:zenheadbutt",
        "tm:ironhead",
        "tm:foulplay",
        "tm:drillrun",
        "tm:sharpen",
        "tm:memento",
        "tm:endeavor",
        "tm:outrage",
        "tm:jumpkick",
        "tm:takedown",
        "tm:hyperbeam",
        "tm:minimize",
        "tm:bide",
        "tm:skullbash",
        "tm:highjumpkick",
        "tm:hyperfang",
        "tm:scaryface",
        "tm:detect",
        "tm:endure",
        "tm:rollout",
        "tm:swagger",
        "tm:meanlook",
        "tm:hiddenpower",
        "tm:memento",
        "tm:slackoff",
        "tm:lastresort",
        "tm:nastyplot",
        "tm:headsmash",
        "tm:acrobatics",
        "tm:finalgambit",
        "tm:workup",
        "tm:mudsport",
        "tm:acid",
        "tm:thunderfang",
        "tm:icefang",
        "tm:firefang",
        "tm:zenheadbutt",
        "egg:thunderfang",
        "egg:icefang",
        "egg:firefang",
        "egg:zenheadbutt",
        "tutor:thunderfang",
        "tutor:icefang",
        "tutor:firefang",
        "tutor:zenheadbutt",
        "tm:snarl",
        "tm:jawlock",
        "tm:lashout",
        "tm:hyperbeam"
      ],
      "battleOnly": false
    }
  ]
}