{
  "implemented": true,
  "name": "partnergoomba",
  "nationalPokedexNumber": 65001,
  "primaryType": "normal",
  "secondaryType": "fairy",
  "abilities": [
    "klutz",
    "simple",
    "h:adaptability"
  ],
  "baseStats": {
    "hp": 130,
    "attack": 75,
    "defence": 25,
    "special_attack": 75,
    "special_defence": 25,
    "speed": 100
  },
  "behaviour": {
    "combat":{
      "willDefendOwner":true,
      "willDefendSelf":true,
      "willFlee":false
    },
    "resting": {
      "canSleep": true,
      "times": "night",
      "light": "0-4",
      "depth": "comatose",
      "willSleepOnBed": true,
      "drowsyChance":0.0333,
      "rouseChance":0.0042
    },
    "moving": {
      "canLook": true,
      "looksAtEntities": true,
      "stepHeight": 0.6,
      "wanderChance": 170,
      "wanderSpeed": 1.0,
      "walk": {
        "canWalk": true,
        "walkSpeed": 0.6
      },
      "swim": {
        "swimSpeed": 0.3,
        "canSwimInWater": true,
        "canBreatheUnderwater": true,
        "canWalkOnWater": false
      },
      "fly": {
        "canFly": false,
        "flySpeedHorizontal": 0.6
      },
      "herd":{
        "maxSize":"1",
        "toleratedLeaders":[
          {
            "pokemon":"spikedgoomba",
            "tier":1
          },
          {
            "pokemon":"paragoomba",
            "tier":1
          },
          {
            "pokemon":"redgoomba",
            "tier":1
          },
          {
            "pokemon":"bluegoomba",
            "tier":1
          },
          {
            "pokemon":"supergoomba",
            "tier":2
          },
          {
            "pokemon":"ultragoomba",
            "tier":3
          },
          {
            "pokemon":"royalgoomba",
            "tier":3
          },
          {
            "pokemon":"bowser",
            "tier":3
          },
          {
            "pokemon":"partnergoomba",
            "tier":4
          },
          {
            "pokemon":"partnerkoopa",
            "tier":5
          },
          {
            "pokemon":"invinshroom",
            "tier":6
          }
        ]
      }
    },
    "fireImmune":false
  },
  "catchRate": 200,
  "maleRatio": 0.75,
  "shoulderMountable": false,
  "baseExperienceYield": 100,
  "experienceGroup": "medium",
  "eggCycles": 10,
  "eggGroups": [
    "field"
  ],



  "moves": [
    "1:tackle",
    "1:leer",
    "3:quickattack",
    "6:bite",
    "9:headbutt",
    "12:sandattack",
    "15:astonish",
    "18:mudslap",
    "21:flail",
    "24:bounce",
    "27:crunch",
    "30:bodyslam",
    "32:doubleedge",
    "33:superfang",
    "36:zenheadbutt",
    "40:focusenergy",
    "45:endeavor",
    "50:outrage",
    "tm:quickattack",
    "tm:bite",
    "tm:headbutt",
    "tm:sandattack",
    "tm:astonish",
    "tm:mudslap",
    "tm:flail",
    "tm:bounce",
    "tm:crunch",
    "tm:bodyslam",
    "tm:doubleedge",
    "tm:superfang",
    "tm:zenheadbutt",
    "tm:focusenergy",
    "tm:endeavor",
    "tm:outrage",
    "tm:jumpkick",
    "tm:takedown",
    "tm:hyperbeam",
    "tm:minimize",
    "tm:bide",
    "tm:swift",
    "tm:skullbash",
    "tm:highjumpkick",
    "tm:hyperfang",
    "tm:scaryface",
    "tm:detect",
    "tm:endure",
    "tm:rollout",
    "tm:swagger",
    "tm:meanlook",
    "tm:hiddenpower",
    "tm:memento",
    "tm:slackoff",
    "tm:lastresort",
    "tm:nastyplot",
    "tm:headsmash",
    "tm:acrobatics",
    "tm:finalgambit",
    "tm:workup",
    "tm:mudsport",
    "tm:acid",
    "tm:thunderfang",
    "tm:icefang",
    "tm:firefang",
    "tm:zenheadbutt",
    "egg:thunderfang",
    "egg:icefang",
    "egg:firefang",
    "egg:zenheadbutt",
    "tutor:thunderfang",
    "tutor:icefang",
    "tutor:firefang",
    "tutor:zenheadbutt",
    "tm:snarl",
    "tm:jawlock",
    "tm:lashout",
    "tm:hyperbeam"
  ],




  "labels": [
    "custom",
    "cobblemario"
  ],
  "pokedex": [
    "cobblemon.species.partnergoomba.desc1",
    "cobblemon.species.partnergoomba.desc2"
  ],
  "baseScale": 0.95,
  "hitbox": {
    "width": 1,
    "height": 1,
    "fixed": false
  },
  "baseFriendship": 50,
  "evYield": {
    "hp": 1,
    "attack": 0,
    "defence": 0,
    "special_attack": 0,
    "special_defence": 0,
    "speed": 1
  },
  "height": 32,
  "weight": 132,

  "preEvolution": "goomba"
}