{
  "implemented": true,
  "name": "supergoomba",
  "nationalPokedexNumber": 64029,
  "primaryType": "normal",
  "abilities": [
    "klutz",
    "simple",
    "h:adaptability"
  ],
  "baseStats": {
    "hp": 90,
    "attack": 40,
    "defence": 35,
    "special_attack": 40,
    "special_defence": 35,
    "speed": 135
  },
  "behaviour": {
    "combat":{
      "willDefendOwner":true,
      "willDefendSelf":true,
      "willFlee":false
    },
    "resting": {
      "canSleep": true,
      "times": "night",
      "light": "0-4",
      "depth": "normal",
      "willSleepOnBed": false,
      "drowsyChance":0.0333,
      "rouseChance":0.0042
    },
    "moving": {
      "canLook": true,
      "looksAtEntities": true,
      "stepHeight": 0.6,
      "wanderChance": 120,
      "wanderSpeed": 0.75,
      "walk": {
        "canWalk": true,
        "walkSpeed": 0.5
      },
      "swim": {
        "swimSpeed": 0.3,
        "canSwimInWater": false,
        "canBreatheUnderwater": true,
        "canWalkOnWater": true
      },
      "fly": {
        "canFly": false,
        "flySpeedHorizontal": 0.6
      },
      "herd":{
        "maxSize":"4",
        "toleratedLeaders":[
          {
            "pokemon":"redgoomba",
            "tier":1
          },
          {
            "pokemon":"bluegoomba",
            "tier":1
          },
          {
            "pokemon":"supergoomba",
            "tier":2
          },
          {
            "pokemon":"ultragoomba",
            "tier":3
          },
          {
            "pokemon":"royalgoomba",
            "tier":4
          },
          {
            "pokemon":"bowser",
            "tier":4
          },
          {
            "pokemon":"invinshroom",
            "tier":5
          }
        ]
      }
    },
    "fireImmune":false
  },
  "catchRate": 74,
  "maleRatio": 0.86,
  "shoulderMountable": false,
  "baseExperienceYield": 100,
  "experienceGroup": "fluctuating",
  "eggCycles": 10,
  "eggGroups": [
    "field"
  ],
  "drops": {
    "amount": 1,
    "entries": [
      {
        "item": "minecraft:iron_boots",
        "quantityRange": "1-1",
        "percentage": 22
      }
    ]
  },



  "moves": [
    "1:tackle",
    "1:leer",
    "1:quickattack",
    "1:bite",
    "1:headbutt",
    "12:sandattack",
    "13:sunnyday",
    "15:astonish",
    "17:firefang",
    "19:mudslap",
    "21:flamecharge",
    "23:flail",
    "25:jumpkick",
    "27:bounce",
    "29:temperflare",
    "31:crunch",
    "33:stompingtantrum",
    "35:bodyslam",
    "37:blazekick",
    "39:doubleedge",
    "41:flareblitz",
    "43:superfang",
    "45:burnup",
    "47:zenheadbutt",
    "49:ragingfury",
    "51:focusenergy",
    "55:endeavor",
    "59:outrage",
    "tm:quickattack",
    "tm:bite",
    "tm:headbutt",
    "tm:sandattack",
    "tm:sunnyday",
    "tm:astonish",
    "tm:firefang",
    "tm:mudslap",
    "tm:flamecharge",
    "tm:flail",
    "tm:jumpkick",
    "tm:bounce",
    "tm:temperflare",
    "tm:crunch",
    "tm:stompingtantrum",
    "tm:bodyslam",
    "tm:blazekick",
    "tm:doubleedge",
    "tm:flareblitz",
    "tm:superfang",
    "tm:burnup",
    "tm:zenheadbutt",
    "tm:ragingfury",
    "tm:focusenergy",
    "tm:endeavor",
    "tm:outrage",
    "tm:jumpkick",
    "tm:takedown",
    "tm:hyperbeam",
    "tm:minimize",
    "tm:bide",
    "tm:swift",
    "tm:skullbash",
    "tm:highjumpkick",
    "tm:hyperfang",
    "tm:scaryface",
    "tm:detect",
    "tm:endure",
    "tm:rollout",
    "tm:swagger",
    "tm:meanlook",
    "tm:hiddenpower",
    "tm:memento",
    "tm:slackoff",
    "tm:lastresort",
    "tm:nastyplot",
    "tm:headsmash",
    "tm:acrobatics",
    "tm:finalgambit",
    "tm:workup",
    "tm:mudsport",
    "tm:acid",
    "tm:thunderfang",
    "tm:icefang",
    "tm:firefang",
    "tm:zenheadbutt",
    "egg:thunderfang",
    "egg:icefang",
    "egg:firefang",
    "egg:zenheadbutt",
    "tutor:thunderfang",
    "tutor:icefang",
    "tutor:firefang",
    "tutor:zenheadbutt",
    "tm:snarl",
    "tm:jawlock",
    "tm:lashout",
    "tm:hyperbeam"
  ],





  "labels": [
    "custom",
    "cobblemario",
    "goomba"
  ],
  "pokedex": [
    "cobblemon.species.supergoomba.desc1",
    "cobblemon.species.supergoomba.desc2"
  ],
  "baseScale": 1.25,
  "hitbox": {
    "width": 1.25,
    "height": 1.25,
    "fixed": false
  },
  "baseFriendship": 50,
  "evYield": {
    "hp": 1,
    "attack": 0,
    "defence": 0,
    "special_attack": 0,
    "special_defence": 0,
    "speed": 1
  },
  "height": 48,
  "weight": 210,

  "preEvolution": "goomba",
  "evolutions": [
    {
      "id": "supergoomba-ultragoomba1",
      "variant": "level_up",
      "result": "ultragoomba",
      "consumeHeldItem": true,
      "learnableMoves": ["thrash", "flareblitz"],
      "requirements": [
        {"variant": "level", "minLevel": 40},
        {"variant": "held_item", "itemCondition": "minecraft:gold_block"}
      ],
      "requiredContext": "minecraft:redstone_block"
    }
  ]
}